identifier,edition,rank
COMBOTS-aa4150-03e7,999,1
COMBOTS-aa4150-03e6,998,2
COMBOTS-aa4150-03e5,997,3
COMBOTS-aa4150-03e4,996,4
COMBOTS-aa4150-03e3,995,5
COMBOTS-aa4150-03e2,994,6
COMBOTS-aa4150-03e1,993,7
COMBOTS-aa4150-03e0,992,8
COMBOTS-aa4150-03df,991,9
COMBOTS-aa4150-03de,990,10
COMBOTS-aa4150-03dd,989,11
COMBOTS-aa4150-03db,987,12
COMBOTS-aa4150-0169,361,13
COMBOTS-aa4150-02e8,744,14
COMBOTS-aa4150-0108,264,15
COMBOTS-aa4150-03c2,962,16
COMBOTS-aa4150-02ce,718,17
COMBOTS-aa4150-02c0,704,18
COMBOTS-aa4150-e6,230,19
COMBOTS-aa4150-03a5,933,20
COMBOTS-aa4150-0385,901,21
COMBOTS-aa4150-03a9,937,22
COMBOTS-aa4150-df,223,23
COMBOTS-aa4150-b2,178,24
COMBOTS-aa4150-0165,357,25
COMBOTS-aa4150-0393,915,26
COMBOTS-aa4150-02e3,739,27
COMBOTS-aa4150-79,121,28
COMBOTS-aa4150-0395,917,29
COMBOTS-aa4150-01a3,419,30
COMBOTS-aa4150-0314,788,31
COMBOTS-aa4150-0178,376,32
COMBOTS-aa4150-034e,846,33
COMBOTS-aa4150-6a,106,34
COMBOTS-aa4150-02df,735,35
COMBOTS-aa4150-02b6,694,36
COMBOTS-aa4150-f9,249,37
COMBOTS-aa4150-02d1,721,38
COMBOTS-aa4150-026b,619,39
COMBOTS-aa4150-e0,224,40
COMBOTS-aa4150-018a,394,41
COMBOTS-aa4150-0239,569,42
COMBOTS-aa4150-03a6,934,43
COMBOTS-aa4150-0121,289,44
COMBOTS-aa4150-012f,303,45
COMBOTS-aa4150-02d7,727,46
COMBOTS-aa4150-69,105,47
COMBOTS-aa4150-03ad,941,48
COMBOTS-aa4150-4b,75,49
COMBOTS-aa4150-14,20,50
COMBOTS-aa4150-4a,74,51
COMBOTS-aa4150-033f,831,52
COMBOTS-aa4150-c5,197,53
COMBOTS-aa4150-021a,538,54
COMBOTS-aa4150-01ac,428,55
COMBOTS-aa4150-035b,859,56
COMBOTS-aa4150-ea,234,57
COMBOTS-aa4150-010c,268,58
COMBOTS-aa4150-010a,266,59
COMBOTS-aa4150-020d,525,60
COMBOTS-aa4150-96,150,61
COMBOTS-aa4150-7e,126,62
COMBOTS-aa4150-6b,107,63
COMBOTS-aa4150-0214,532,64
COMBOTS-aa4150-0324,804,65
COMBOTS-aa4150-014b,331,66
COMBOTS-aa4150-1b,27,67
COMBOTS-aa4150-016b,363,68
COMBOTS-aa4150-011b,283,69
COMBOTS-aa4150-0330,816,70
COMBOTS-aa4150-0208,520,71
COMBOTS-aa4150-58,88,72
COMBOTS-aa4150-01e7,487,73
COMBOTS-aa4150-0205,517,74
COMBOTS-aa4150-e3,227,75
COMBOTS-aa4150-6e,110,76
COMBOTS-aa4150-0150,336,77
COMBOTS-aa4150-0243,579,78
COMBOTS-aa4150-70,112,79
COMBOTS-aa4150-02d6,726,80
COMBOTS-aa4150-019f,415,81
COMBOTS-aa4150-03c9,969,82
COMBOTS-aa4150-93,147,83
COMBOTS-aa4150-03bc,956,84
COMBOTS-aa4150-0355,853,85
COMBOTS-aa4150-76,118,86
COMBOTS-aa4150-02eb,747,87
COMBOTS-aa4150-013a,314,88
COMBOTS-aa4150-034d,845,89
COMBOTS-aa4150-5d,93,90
COMBOTS-aa4150-01e1,481,91
COMBOTS-aa4150-011a,282,92
COMBOTS-aa4150-45,69,93
COMBOTS-aa4150-01b7,439,94
COMBOTS-aa4150-6c,108,95
COMBOTS-aa4150-0253,595,96
COMBOTS-aa4150-46,70,97
COMBOTS-aa4150-0338,824,98
COMBOTS-aa4150-0139,313,99
COMBOTS-aa4150-0218,536,100
COMBOTS-aa4150-0244,580,101
COMBOTS-aa4150-02b2,690,102
COMBOTS-aa4150-0303,771,103
COMBOTS-aa4150-02e1,737,104
COMBOTS-aa4150-030f,783,105
COMBOTS-aa4150-c6,198,106
COMBOTS-aa4150-01f5,501,107
COMBOTS-aa4150-ed,237,108
COMBOTS-aa4150-25,37,109
COMBOTS-aa4150-017d,381,110
COMBOTS-aa4150-021b,539,111
COMBOTS-aa4150-0193,403,112
COMBOTS-aa4150-022b,555,113
COMBOTS-aa4150-027d,637,114
COMBOTS-aa4150-0269,617,115
COMBOTS-aa4150-037d,893,116
COMBOTS-aa4150-ee,238,117
COMBOTS-aa4150-72,114,118
COMBOTS-aa4150-0207,519,119
COMBOTS-aa4150-0250,592,120
COMBOTS-aa4150-a4,164,121
COMBOTS-aa4150-f4,244,122
COMBOTS-aa4150-0249,585,123
COMBOTS-aa4150-0168,360,124
COMBOTS-aa4150-010b,267,125
COMBOTS-aa4150-0319,793,126
COMBOTS-aa4150-02c8,712,127
COMBOTS-aa4150-03c5,965,128
COMBOTS-aa4150-0146,326,129
COMBOTS-aa4150-01bd,445,130
COMBOTS-aa4150-5f,95,131
COMBOTS-aa4150-013b,315,132
COMBOTS-aa4150-02c7,711,133
COMBOTS-aa4150-59,89,134
COMBOTS-aa4150-027c,636,135
COMBOTS-aa4150-01c1,449,136
COMBOTS-aa4150-017a,378,137
COMBOTS-aa4150-34,52,138
COMBOTS-aa4150-01c8,456,139
COMBOTS-aa4150-015e,350,140
COMBOTS-aa4150-03a0,928,141
COMBOTS-aa4150-8c,140,142
COMBOTS-aa4150-f2,242,143
COMBOTS-aa4150-0222,546,144
COMBOTS-aa4150-75,117,145
COMBOTS-aa4150-0166,358,146
COMBOTS-aa4150-012b,299,147
COMBOTS-aa4150-f8,248,148
COMBOTS-aa4150-31,49,149
COMBOTS-aa4150-03ae,942,150
COMBOTS-aa4150-0332,818,151
COMBOTS-aa4150-ec,236,152
COMBOTS-aa4150-8e,142,153
COMBOTS-aa4150-8f,143,154
COMBOTS-aa4150-029c,668,155
COMBOTS-aa4150-01da,474,156
COMBOTS-aa4150-0368,872,157
COMBOTS-aa4150-0212,530,158
COMBOTS-aa4150-a0,160,159
COMBOTS-aa4150-03b5,949,160
COMBOTS-aa4150-0140,320,161
COMBOTS-aa4150-0197,407,162
COMBOTS-aa4150-73,115,163
COMBOTS-aa4150-039e,926,164
COMBOTS-aa4150-01ce,462,165
COMBOTS-aa4150-6d,109,166
COMBOTS-aa4150-028f,655,167
COMBOTS-aa4150-026a,618,168
COMBOTS-aa4150-037c,892,169
COMBOTS-aa4150-02b0,688,170
COMBOTS-aa4150-0271,625,171
COMBOTS-aa4150-0155,341,172
COMBOTS-aa4150-037a,890,173
COMBOTS-aa4150-ef,239,174
COMBOTS-aa4150-0233,563,175
COMBOTS-aa4150-02c2,706,176
COMBOTS-aa4150-0145,325,177
COMBOTS-aa4150-03b8,952,178
COMBOTS-aa4150-027b,635,179
COMBOTS-aa4150-03b0,944,180
COMBOTS-aa4150-02f4,756,181
COMBOTS-aa4150-01cd,461,182
COMBOTS-aa4150-02b9,697,183
COMBOTS-aa4150-4c,76,184
COMBOTS-aa4150-50,80,185
COMBOTS-aa4150-0173,371,186
COMBOTS-aa4150-02a2,674,187
COMBOTS-aa4150-03c8,968,188
COMBOTS-aa4150-02e2,738,189
COMBOTS-aa4150-02c3,707,190
COMBOTS-aa4150-0251,593,191
COMBOTS-aa4150-9b,155,192
COMBOTS-aa4150-02d2,722,193
COMBOTS-aa4150-016e,366,194
COMBOTS-aa4150-0321,801,195
COMBOTS-aa4150-0367,871,196
COMBOTS-aa4150-013e,318,197
COMBOTS-aa4150-54,84,198
COMBOTS-aa4150-01af,431,199
COMBOTS-aa4150-01bf,447,200
COMBOTS-aa4150-ae,174,201
COMBOTS-aa4150-8b,139,202
COMBOTS-aa4150-1f,31,203
COMBOTS-aa4150-0181,385,204
COMBOTS-aa4150-038a,906,205
COMBOTS-aa4150-01d9,473,206
COMBOTS-aa4150-0232,562,207
COMBOTS-aa4150-0160,352,208
COMBOTS-aa4150-0241,577,209
COMBOTS-aa4150-e4,228,210
COMBOTS-aa4150-9a,154,211
COMBOTS-aa4150-d6,214,212
COMBOTS-aa4150-e2,226,213
COMBOTS-aa4150-01ea,490,214
COMBOTS-aa4150-028e,654,215
COMBOTS-aa4150-02c1,705,216
COMBOTS-aa4150-c0,192,217
COMBOTS-aa4150-03a7,935,218
COMBOTS-aa4150-0225,549,219
COMBOTS-aa4150-01b3,435,220
COMBOTS-aa4150-0342,834,221
COMBOTS-aa4150-36,54,222
COMBOTS-aa4150-02f7,759,223
COMBOTS-aa4150-9d,157,224
COMBOTS-aa4150-07,7,225
COMBOTS-aa4150-0133,307,226
COMBOTS-aa4150-028d,653,227
COMBOTS-aa4150-66,102,228
COMBOTS-aa4150-014a,330,229
COMBOTS-aa4150-02d4,724,230
COMBOTS-aa4150-0131,305,231
COMBOTS-aa4150-c4,196,232
COMBOTS-aa4150-fb,251,233
COMBOTS-aa4150-0174,372,234
COMBOTS-aa4150-0117,279,235
COMBOTS-aa4150-d2,210,236
COMBOTS-aa4150-02aa,682,237
COMBOTS-aa4150-01e9,489,238
COMBOTS-aa4150-0328,808,239
COMBOTS-aa4150-a1,161,240
COMBOTS-aa4150-018f,399,241
COMBOTS-aa4150-029f,671,242
COMBOTS-aa4150-011f,287,243
COMBOTS-aa4150-010f,271,244
COMBOTS-aa4150-0339,825,245
COMBOTS-aa4150-0163,355,246
COMBOTS-aa4150-a3,163,247
COMBOTS-aa4150-0176,374,248
COMBOTS-aa4150-0206,518,249
COMBOTS-aa4150-033a,826,250
COMBOTS-aa4150-01f1,497,251
COMBOTS-aa4150-0350,848,252
COMBOTS-aa4150-02cc,716,253
COMBOTS-aa4150-039f,927,254
COMBOTS-aa4150-018c,396,255
COMBOTS-aa4150-01fa,506,256
COMBOTS-aa4150-0122,290,257
COMBOTS-aa4150-024f,591,258
COMBOTS-aa4150-019c,412,259
COMBOTS-aa4150-0175,373,260
COMBOTS-aa4150-23,35,261
COMBOTS-aa4150-0191,401,262
COMBOTS-aa4150-021c,540,263
COMBOTS-aa4150-0348,840,264
COMBOTS-aa4150-018e,398,265
COMBOTS-aa4150-020f,527,266
COMBOTS-aa4150-0d,13,267
COMBOTS-aa4150-0307,775,268
COMBOTS-aa4150-0263,611,269
COMBOTS-aa4150-02bd,701,270
COMBOTS-aa4150-02a0,672,271
COMBOTS-aa4150-0220,544,272
COMBOTS-aa4150-cf,207,273
COMBOTS-aa4150-80,128,274
COMBOTS-aa4150-015f,351,275
COMBOTS-aa4150-0248,584,276
COMBOTS-aa4150-01b6,438,277
COMBOTS-aa4150-0356,854,278
COMBOTS-aa4150-8d,141,279
COMBOTS-aa4150-0274,628,280
COMBOTS-aa4150-024b,587,281
COMBOTS-aa4150-0371,881,282
COMBOTS-aa4150-4e,78,283
COMBOTS-aa4150-03b9,953,284
COMBOTS-aa4150-0320,800,285
COMBOTS-aa4150-0363,867,286
COMBOTS-aa4150-038c,908,287
COMBOTS-aa4150-02bc,700,288
COMBOTS-aa4150-43,67,289
COMBOTS-aa4150-02d8,728,290
COMBOTS-aa4150-0106,262,291
COMBOTS-aa4150-0389,905,292
COMBOTS-aa4150-01d3,467,293
COMBOTS-aa4150-0358,856,294
COMBOTS-aa4150-029d,669,295
COMBOTS-aa4150-1e,30,296
COMBOTS-aa4150-0352,850,297
COMBOTS-aa4150-98,152,298
COMBOTS-aa4150-37,55,299
COMBOTS-aa4150-019a,410,300
COMBOTS-aa4150-011e,286,301
COMBOTS-aa4150-017e,382,302
COMBOTS-aa4150-028c,652,303
COMBOTS-aa4150-0366,870,304
COMBOTS-aa4150-0282,642,305
COMBOTS-aa4150-012c,300,306
COMBOTS-aa4150-01fd,509,307
COMBOTS-aa4150-0159,345,308
COMBOTS-aa4150-97,151,309
COMBOTS-aa4150-0129,297,310
COMBOTS-aa4150-023a,570,311
COMBOTS-aa4150-0276,630,312
COMBOTS-aa4150-0100,256,313
COMBOTS-aa4150-03a4,932,314
COMBOTS-aa4150-0209,521,315
COMBOTS-aa4150-020e,526,316
COMBOTS-aa4150-034b,843,317
COMBOTS-aa4150-db,219,318
COMBOTS-aa4150-0256,598,319
COMBOTS-aa4150-0190,400,320
COMBOTS-aa4150-0138,312,321
COMBOTS-aa4150-036b,875,322
COMBOTS-aa4150-5c,92,323
COMBOTS-aa4150-024d,589,324
COMBOTS-aa4150-01e3,483,325
COMBOTS-aa4150-2b,43,326
COMBOTS-aa4150-02cd,717,327
COMBOTS-aa4150-91,145,328
COMBOTS-aa4150-f5,245,329
COMBOTS-aa4150-02c9,713,330
COMBOTS-aa4150-01c4,452,331
COMBOTS-aa4150-023c,572,332
COMBOTS-aa4150-03d6,982,333
COMBOTS-aa4150-01c2,450,334
COMBOTS-aa4150-0369,873,335
COMBOTS-aa4150-da,218,336
COMBOTS-aa4150-0351,849,337
COMBOTS-aa4150-030e,782,338
COMBOTS-aa4150-026d,621,339
COMBOTS-aa4150-024a,586,340
COMBOTS-aa4150-01f6,502,341
COMBOTS-aa4150-0398,920,342
COMBOTS-aa4150-0293,659,343
COMBOTS-aa4150-01a4,420,344
COMBOTS-aa4150-0273,627,345
COMBOTS-aa4150-4f,79,346
COMBOTS-aa4150-b5,181,347
COMBOTS-aa4150-017f,383,348
COMBOTS-aa4150-94,148,349
COMBOTS-aa4150-026e,622,350
COMBOTS-aa4150-0344,836,351
COMBOTS-aa4150-bc,188,352
COMBOTS-aa4150-0198,408,353
COMBOTS-aa4150-014d,333,354
COMBOTS-aa4150-2d,45,355
COMBOTS-aa4150-02d9,729,356
COMBOTS-aa4150-019e,414,357
COMBOTS-aa4150-01e4,484,358
COMBOTS-aa4150-41,65,359
COMBOTS-aa4150-21,33,360
COMBOTS-aa4150-0185,389,361
COMBOTS-aa4150-031f,799,362
COMBOTS-aa4150-0266,614,363
COMBOTS-aa4150-02fa,762,364
COMBOTS-aa4150-cb,203,365
COMBOTS-aa4150-025a,602,366
COMBOTS-aa4150-0213,531,367
COMBOTS-aa4150-027f,639,368
COMBOTS-aa4150-0392,914,369
COMBOTS-aa4150-0397,919,370
COMBOTS-aa4150-0300,768,371
COMBOTS-aa4150-0234,564,372
COMBOTS-aa4150-0189,393,373
COMBOTS-aa4150-02ea,746,374
COMBOTS-aa4150-036f,879,375
COMBOTS-aa4150-011d,285,376
COMBOTS-aa4150-0252,594,377
COMBOTS-aa4150-015b,347,378
COMBOTS-aa4150-02b8,696,379
COMBOTS-aa4150-02e5,741,380
COMBOTS-aa4150-5b,91,381
COMBOTS-aa4150-0354,852,382
COMBOTS-aa4150-0161,353,383
COMBOTS-aa4150-01dc,476,384
COMBOTS-aa4150-0268,616,385
COMBOTS-aa4150-0312,786,386
COMBOTS-aa4150-0167,359,387
COMBOTS-aa4150-01aa,426,388
COMBOTS-aa4150-b3,179,389
COMBOTS-aa4150-039b,923,390
COMBOTS-aa4150-1c,28,391
COMBOTS-aa4150-0285,645,392
COMBOTS-aa4150-02ac,684,393
COMBOTS-aa4150-03ab,939,394
COMBOTS-aa4150-01d1,465,395
COMBOTS-aa4150-02fe,766,396
COMBOTS-aa4150-aa,170,397
COMBOTS-aa4150-02e4,740,398
COMBOTS-aa4150-03bd,957,399
COMBOTS-aa4150-035d,861,400
COMBOTS-aa4150-2a,42,401
COMBOTS-aa4150-0364,868,402
COMBOTS-aa4150-81,129,403
COMBOTS-aa4150-d1,209,404
COMBOTS-aa4150-018d,397,405
COMBOTS-aa4150-032b,811,406
COMBOTS-aa4150-02ad,685,407
COMBOTS-aa4150-02ff,767,408
COMBOTS-aa4150-0120,288,409
COMBOTS-aa4150-03d9,985,410
COMBOTS-aa4150-85,133,411
COMBOTS-aa4150-03a2,930,412
COMBOTS-aa4150-02e9,745,413
COMBOTS-aa4150-b6,182,414
COMBOTS-aa4150-0223,547,415
COMBOTS-aa4150-04,4,416
COMBOTS-aa4150-0291,657,417
COMBOTS-aa4150-038e,910,418
COMBOTS-aa4150-03a3,931,419
COMBOTS-aa4150-0227,551,420
COMBOTS-aa4150-0148,328,421
COMBOTS-aa4150-012a,298,422
COMBOTS-aa4150-7d,125,423
COMBOTS-aa4150-0349,841,424
COMBOTS-aa4150-0390,912,425
COMBOTS-aa4150-02dd,733,426
COMBOTS-aa4150-02ef,751,427
COMBOTS-aa4150-0216,534,428
COMBOTS-aa4150-031e,798,429
COMBOTS-aa4150-0115,277,430
COMBOTS-aa4150-0228,552,431
COMBOTS-aa4150-01a9,425,432
COMBOTS-aa4150-01d0,464,433
COMBOTS-aa4150-02da,730,434
COMBOTS-aa4150-0362,866,435
COMBOTS-aa4150-03b1,945,436
COMBOTS-aa4150-036e,878,437
COMBOTS-aa4150-56,86,438
COMBOTS-aa4150-0a,10,439
COMBOTS-aa4150-0182,386,440
COMBOTS-aa4150-0134,308,441
COMBOTS-aa4150-02b3,691,442
COMBOTS-aa4150-034c,844,443
COMBOTS-aa4150-0341,833,444
COMBOTS-aa4150-1d,29,445
COMBOTS-aa4150-eb,235,446
COMBOTS-aa4150-039a,922,447
COMBOTS-aa4150-02fd,765,448
COMBOTS-aa4150-de,222,449
COMBOTS-aa4150-9c,156,450
COMBOTS-aa4150-0317,791,451
COMBOTS-aa4150-0164,356,452
COMBOTS-aa4150-0394,916,453
COMBOTS-aa4150-0383,899,454
COMBOTS-aa4150-0337,823,455
COMBOTS-aa4150-0187,391,456
COMBOTS-aa4150-029a,666,457
COMBOTS-aa4150-01f0,496,458
COMBOTS-aa4150-02b5,693,459
COMBOTS-aa4150-0376,886,460
COMBOTS-aa4150-0237,567,461
COMBOTS-aa4150-39,57,462
COMBOTS-aa4150-0283,643,463
COMBOTS-aa4150-019b,411,464
COMBOTS-aa4150-0399,921,465
COMBOTS-aa4150-d9,217,466
COMBOTS-aa4150-3c,60,467
COMBOTS-aa4150-030b,779,468
COMBOTS-aa4150-03ac,940,469
COMBOTS-aa4150-9e,158,470
COMBOTS-aa4150-02a8,680,471
COMBOTS-aa4150-51,81,472
COMBOTS-aa4150-0316,790,473
COMBOTS-aa4150-ab,171,474
COMBOTS-aa4150-0110,272,475
COMBOTS-aa4150-0375,885,476
COMBOTS-aa4150-01a1,417,477
COMBOTS-aa4150-02bb,699,478
COMBOTS-aa4150-014f,335,479
COMBOTS-aa4150-47,71,480
COMBOTS-aa4150-0215,533,481
COMBOTS-aa4150-0260,608,482
COMBOTS-aa4150-0151,337,483
COMBOTS-aa4150-52,82,484
COMBOTS-aa4150-0f,15,485
COMBOTS-aa4150-021e,542,486
COMBOTS-aa4150-b1,177,487
COMBOTS-aa4150-d4,212,488
COMBOTS-aa4150-74,116,489
COMBOTS-aa4150-6f,111,490
COMBOTS-aa4150-fa,250,491
COMBOTS-aa4150-0334,820,492
COMBOTS-aa4150-0288,648,493
COMBOTS-aa4150-d3,211,494
COMBOTS-aa4150-0327,807,495
COMBOTS-aa4150-02f5,757,496
COMBOTS-aa4150-0135,309,497
COMBOTS-aa4150-01d7,471,498
COMBOTS-aa4150-22,34,499
COMBOTS-aa4150-03b3,947,500
COMBOTS-aa4150-01b5,437,501
COMBOTS-aa4150-0158,344,502
COMBOTS-aa4150-0275,629,503
COMBOTS-aa4150-bf,191,504
COMBOTS-aa4150-08,8,505
COMBOTS-aa4150-030d,781,506
COMBOTS-aa4150-03c3,963,507
COMBOTS-aa4150-a7,167,508
COMBOTS-aa4150-033e,830,509
COMBOTS-aa4150-03b2,946,510
COMBOTS-aa4150-60,96,511
COMBOTS-aa4150-a9,169,512
COMBOTS-aa4150-d0,208,513
COMBOTS-aa4150-0302,770,514
COMBOTS-aa4150-037b,891,515
COMBOTS-aa4150-0104,260,516
COMBOTS-aa4150-02ca,714,517
COMBOTS-aa4150-15,21,518
COMBOTS-aa4150-025b,603,519
COMBOTS-aa4150-0217,535,520
COMBOTS-aa4150-d8,216,521
COMBOTS-aa4150-03be,958,522
COMBOTS-aa4150-0386,902,523
COMBOTS-aa4150-a8,168,524
COMBOTS-aa4150-03b4,948,525
COMBOTS-aa4150-0304,772,526
COMBOTS-aa4150-0272,626,527
COMBOTS-aa4150-0289,649,528
COMBOTS-aa4150-0180,384,529
COMBOTS-aa4150-01ec,492,530
COMBOTS-aa4150-09,9,531
COMBOTS-aa4150-01fb,507,532
COMBOTS-aa4150-b8,184,533
COMBOTS-aa4150-0247,583,534
COMBOTS-aa4150-0245,581,535
COMBOTS-aa4150-0381,897,536
COMBOTS-aa4150-0116,278,537
COMBOTS-aa4150-0326,806,538
COMBOTS-aa4150-02ed,749,539
COMBOTS-aa4150-0152,338,540
COMBOTS-aa4150-02af,687,541
COMBOTS-aa4150-0236,566,542
COMBOTS-aa4150-f1,241,543
COMBOTS-aa4150-01eb,491,544
COMBOTS-aa4150-028a,650,545
COMBOTS-aa4150-0162,354,546
COMBOTS-aa4150-e1,225,547
COMBOTS-aa4150-0142,322,548
COMBOTS-aa4150-19,25,549
COMBOTS-aa4150-015d,349,550
COMBOTS-aa4150-0b,11,551
COMBOTS-aa4150-3b,59,552
COMBOTS-aa4150-b0,176,553
COMBOTS-aa4150-0202,514,554
COMBOTS-aa4150-036c,876,555
COMBOTS-aa4150-26,38,556
COMBOTS-aa4150-0343,835,557
COMBOTS-aa4150-bd,189,558
COMBOTS-aa4150-0112,274,559
COMBOTS-aa4150-e7,231,560
COMBOTS-aa4150-3a,58,561
COMBOTS-aa4150-03c0,960,562
COMBOTS-aa4150-8a,138,563
COMBOTS-aa4150-032a,810,564
COMBOTS-aa4150-cc,204,565
COMBOTS-aa4150-0336,822,566
COMBOTS-aa4150-5a,90,567
COMBOTS-aa4150-024e,590,568
COMBOTS-aa4150-dc,220,569
COMBOTS-aa4150-0259,601,570
COMBOTS-aa4150-01d8,472,571
COMBOTS-aa4150-0123,291,572
COMBOTS-aa4150-0384,900,573
COMBOTS-aa4150-020a,522,574
COMBOTS-aa4150-022d,557,575
COMBOTS-aa4150-035f,863,576
COMBOTS-aa4150-02bf,703,577
COMBOTS-aa4150-ac,172,578
COMBOTS-aa4150-02be,702,579
COMBOTS-aa4150-0109,265,580
COMBOTS-aa4150-02cb,715,581
COMBOTS-aa4150-63,99,582
COMBOTS-aa4150-82,130,583
COMBOTS-aa4150-48,72,584
COMBOTS-aa4150-0235,565,585
COMBOTS-aa4150-03d0,976,586
COMBOTS-aa4150-022c,556,587
COMBOTS-aa4150-01c6,454,588
COMBOTS-aa4150-68,104,589
COMBOTS-aa4150-0136,310,590
COMBOTS-aa4150-0153,339,591
COMBOTS-aa4150-35,53,592
COMBOTS-aa4150-01f9,505,593
COMBOTS-aa4150-0279,633,594
COMBOTS-aa4150-01f2,498,595
COMBOTS-aa4150-0311,785,596
COMBOTS-aa4150-0230,560,597
COMBOTS-aa4150-0308,776,598
COMBOTS-aa4150-022f,559,599
COMBOTS-aa4150-0224,548,600
COMBOTS-aa4150-0277,631,601
COMBOTS-aa4150-0144,324,602
COMBOTS-aa4150-02c6,710,603
COMBOTS-aa4150-78,120,604
COMBOTS-aa4150-02f2,754,605
COMBOTS-aa4150-034a,842,606
COMBOTS-aa4150-01d2,466,607
COMBOTS-aa4150-035e,862,608
COMBOTS-aa4150-fe,254,609
COMBOTS-aa4150-3d,61,610
COMBOTS-aa4150-022a,554,611
COMBOTS-aa4150-03d8,984,612
COMBOTS-aa4150-0374,884,613
COMBOTS-aa4150-01ab,427,614
COMBOTS-aa4150-0391,913,615
COMBOTS-aa4150-032d,813,616
COMBOTS-aa4150-0299,665,617
COMBOTS-aa4150-0246,582,618
COMBOTS-aa4150-03ce,974,619
COMBOTS-aa4150-0292,658,620
COMBOTS-aa4150-0255,597,621
COMBOTS-aa4150-023d,573,622
COMBOTS-aa4150-0103,259,623
COMBOTS-aa4150-0378,888,624
COMBOTS-aa4150-015a,346,625
COMBOTS-aa4150-033c,828,626
COMBOTS-aa4150-30,48,627
COMBOTS-aa4150-01ff,511,628
COMBOTS-aa4150-89,137,629
COMBOTS-aa4150-0186,390,630
COMBOTS-aa4150-0127,295,631
COMBOTS-aa4150-0149,329,632
COMBOTS-aa4150-02d3,723,633
COMBOTS-aa4150-025f,607,634
COMBOTS-aa4150-0380,896,635
COMBOTS-aa4150-0201,513,636
COMBOTS-aa4150-0188,392,637
COMBOTS-aa4150-02dc,732,638
COMBOTS-aa4150-017b,379,639
COMBOTS-aa4150-023b,571,640
COMBOTS-aa4150-e9,233,641
COMBOTS-aa4150-016a,362,642
COMBOTS-aa4150-02f8,760,643
COMBOTS-aa4150-01ad,429,644
COMBOTS-aa4150-02b1,689,645
COMBOTS-aa4150-0280,640,646
COMBOTS-aa4150-42,66,647
COMBOTS-aa4150-027e,638,648
COMBOTS-aa4150-33,51,649
COMBOTS-aa4150-01ba,442,650
COMBOTS-aa4150-7c,124,651
COMBOTS-aa4150-03,3,652
COMBOTS-aa4150-02f3,755,653
COMBOTS-aa4150-02a1,673,654
COMBOTS-aa4150-9f,159,655
COMBOTS-aa4150-01b8,440,656
COMBOTS-aa4150-016c,364,657
COMBOTS-aa4150-03d4,980,658
COMBOTS-aa4150-02c5,709,659
COMBOTS-aa4150-0229,553,660
COMBOTS-aa4150-01d4,468,661
COMBOTS-aa4150-02,2,662
COMBOTS-aa4150-02de,734,663
COMBOTS-aa4150-0102,258,664
COMBOTS-aa4150-020c,524,665
COMBOTS-aa4150-01ef,495,666
COMBOTS-aa4150-01a0,416,667
COMBOTS-aa4150-0130,304,668
COMBOTS-aa4150-0359,857,669
COMBOTS-aa4150-01bc,444,670
COMBOTS-aa4150-0347,839,671
COMBOTS-aa4150-0157,343,672
COMBOTS-aa4150-0105,261,673
COMBOTS-aa4150-0372,882,674
COMBOTS-aa4150-03d2,978,675
COMBOTS-aa4150-b4,180,676
COMBOTS-aa4150-0203,515,677
COMBOTS-aa4150-86,134,678
COMBOTS-aa4150-90,144,679
COMBOTS-aa4150-0172,370,680
COMBOTS-aa4150-0101,257,681
COMBOTS-aa4150-032e,814,682
COMBOTS-aa4150-039c,924,683
COMBOTS-aa4150-01f3,499,684
COMBOTS-aa4150-0154,340,685
COMBOTS-aa4150-0295,661,686
COMBOTS-aa4150-018b,395,687
COMBOTS-aa4150-010e,270,688
COMBOTS-aa4150-027a,634,689
COMBOTS-aa4150-11,17,690
COMBOTS-aa4150-021d,541,691
COMBOTS-aa4150-0192,402,692
COMBOTS-aa4150-01a6,422,693
COMBOTS-aa4150-40,64,694
COMBOTS-aa4150-0333,819,695
COMBOTS-aa4150-0c,12,696
COMBOTS-aa4150-0196,406,697
COMBOTS-aa4150-025d,605,698
COMBOTS-aa4150-0262,610,699
COMBOTS-aa4150-0345,837,700
COMBOTS-aa4150-02f0,752,701
COMBOTS-aa4150-0284,644,702
COMBOTS-aa4150-01b4,436,703
COMBOTS-aa4150-01ed,493,704
COMBOTS-aa4150-01c7,455,705
COMBOTS-aa4150-036d,877,706
COMBOTS-aa4150-05,5,707
COMBOTS-aa4150-01a5,421,708
COMBOTS-aa4150-030c,780,709
COMBOTS-aa4150-0132,306,710
COMBOTS-aa4150-28,40,711
COMBOTS-aa4150-c2,194,712
COMBOTS-aa4150-d5,213,713
COMBOTS-aa4150-ff,255,714
COMBOTS-aa4150-03cb,971,715
COMBOTS-aa4150-01df,479,716
COMBOTS-aa4150-024c,588,717
COMBOTS-aa4150-03da,986,718
COMBOTS-aa4150-01ca,458,719
COMBOTS-aa4150-02f6,758,720
COMBOTS-aa4150-01fc,508,721
COMBOTS-aa4150-5e,94,722
COMBOTS-aa4150-02a6,678,723
COMBOTS-aa4150-0264,612,724
COMBOTS-aa4150-0143,323,725
COMBOTS-aa4150-037f,895,726
COMBOTS-aa4150-0281,641,727
COMBOTS-aa4150-ba,186,728
COMBOTS-aa4150-0124,292,729
COMBOTS-aa4150-03d7,983,730
COMBOTS-aa4150-0325,805,731
COMBOTS-aa4150-03a1,929,732
COMBOTS-aa4150-f7,247,733
COMBOTS-aa4150-0298,664,734
COMBOTS-aa4150-0318,792,735
COMBOTS-aa4150-0204,516,736
COMBOTS-aa4150-033b,827,737
COMBOTS-aa4150-017c,380,738
COMBOTS-aa4150-0309,777,739
COMBOTS-aa4150-039d,925,740
COMBOTS-aa4150-0286,646,741
COMBOTS-aa4150-f3,243,742
COMBOTS-aa4150-01d6,470,743
COMBOTS-aa4150-0156,342,744
COMBOTS-aa4150-03b6,950,745
COMBOTS-aa4150-0240,576,746
COMBOTS-aa4150-03c4,964,747
COMBOTS-aa4150-0195,405,748
COMBOTS-aa4150-012d,301,749
COMBOTS-aa4150-3e,62,750
COMBOTS-aa4150-014c,332,751
COMBOTS-aa4150-03cd,973,752
COMBOTS-aa4150-3f,63,753
COMBOTS-aa4150-01dd,477,754
COMBOTS-aa4150-e8,232,755
COMBOTS-aa4150-038b,907,756
COMBOTS-aa4150-c8,200,757
COMBOTS-aa4150-0194,404,758
COMBOTS-aa4150-031c,796,759
COMBOTS-aa4150-0323,803,760
COMBOTS-aa4150-01ee,494,761
COMBOTS-aa4150-02f9,761,762
COMBOTS-aa4150-0141,321,763
COMBOTS-aa4150-0257,599,764
COMBOTS-aa4150-32,50,765
COMBOTS-aa4150-036a,874,766
COMBOTS-aa4150-01b0,432,767
COMBOTS-aa4150-0177,375,768
COMBOTS-aa4150-03cf,975,769
COMBOTS-aa4150-7b,123,770
COMBOTS-aa4150-03ca,970,771
COMBOTS-aa4150-012e,302,772
COMBOTS-aa4150-1a,26,773
COMBOTS-aa4150-62,98,774
COMBOTS-aa4150-0382,898,775
COMBOTS-aa4150-18,24,776
COMBOTS-aa4150-83,131,777
COMBOTS-aa4150-44,68,778
COMBOTS-aa4150-01a2,418,779
COMBOTS-aa4150-0387,903,780
COMBOTS-aa4150-038f,911,781
COMBOTS-aa4150-2f,47,782
COMBOTS-aa4150-38,56,783
COMBOTS-aa4150-01,1,784
COMBOTS-aa4150-025c,604,785
COMBOTS-aa4150-0346,838,786
COMBOTS-aa4150-0125,293,787
COMBOTS-aa4150-0238,568,788
COMBOTS-aa4150-03ba,954,789
COMBOTS-aa4150-dd,221,790
COMBOTS-aa4150-01c9,457,791
COMBOTS-aa4150-0184,388,792
COMBOTS-aa4150-0226,550,793
COMBOTS-aa4150-028b,651,794
COMBOTS-aa4150-01cb,459,795
COMBOTS-aa4150-24,36,796
COMBOTS-aa4150-0313,787,797
COMBOTS-aa4150-0310,784,798
COMBOTS-aa4150-87,135,799
COMBOTS-aa4150-0183,387,800
COMBOTS-aa4150-01a8,424,801
COMBOTS-aa4150-12,18,802
COMBOTS-aa4150-029b,667,803
COMBOTS-aa4150-0126,294,804
COMBOTS-aa4150-03dc,988,805
COMBOTS-aa4150-0297,663,806
COMBOTS-aa4150-02e0,736,807
COMBOTS-aa4150-65,101,808
COMBOTS-aa4150-02b4,692,809
COMBOTS-aa4150-01b2,434,810
COMBOTS-aa4150-020b,523,811
COMBOTS-aa4150-03af,943,812
COMBOTS-aa4150-c7,199,813
COMBOTS-aa4150-0315,789,814
COMBOTS-aa4150-032c,812,815
COMBOTS-aa4150-0219,537,816
COMBOTS-aa4150-a5,165,817
COMBOTS-aa4150-02ee,750,818
COMBOTS-aa4150-0361,865,819
COMBOTS-aa4150-02ba,698,820
COMBOTS-aa4150-0113,275,821
COMBOTS-aa4150-55,85,822
COMBOTS-aa4150-016f,367,823
COMBOTS-aa4150-03b7,951,824
COMBOTS-aa4150-02ae,686,825
COMBOTS-aa4150-01f7,503,826
COMBOTS-aa4150-02d5,725,827
COMBOTS-aa4150-0290,656,828
COMBOTS-aa4150-7a,122,829
COMBOTS-aa4150-f6,246,830
COMBOTS-aa4150-67,103,831
COMBOTS-aa4150-0107,263,832
COMBOTS-aa4150-0357,855,833
COMBOTS-aa4150-031b,795,834
COMBOTS-aa4150-77,119,835
COMBOTS-aa4150-02f1,753,836
COMBOTS-aa4150-61,97,837
COMBOTS-aa4150-0306,774,838
COMBOTS-aa4150-0379,889,839
COMBOTS-aa4150-01fe,510,840
COMBOTS-aa4150-af,175,841
COMBOTS-aa4150-fc,252,842
COMBOTS-aa4150-c3,195,843
COMBOTS-aa4150-034f,847,844
COMBOTS-aa4150-84,132,845
COMBOTS-aa4150-037e,894,846
COMBOTS-aa4150-01e0,480,847
COMBOTS-aa4150-035c,860,848
COMBOTS-aa4150-033d,829,849
COMBOTS-aa4150-016d,365,850
COMBOTS-aa4150-0111,273,851
COMBOTS-aa4150-01e2,482,852
COMBOTS-aa4150-0294,660,853
COMBOTS-aa4150-49,73,854
COMBOTS-aa4150-16,22,855
COMBOTS-aa4150-03d3,979,856
COMBOTS-aa4150-0171,369,857
COMBOTS-aa4150-01cc,460,858
COMBOTS-aa4150-e5,229,859
COMBOTS-aa4150-0370,880,860
COMBOTS-aa4150-03bb,955,861
COMBOTS-aa4150-20,32,862
COMBOTS-aa4150-d7,215,863
COMBOTS-aa4150-03a8,936,864
COMBOTS-aa4150-a6,166,865
COMBOTS-aa4150-fd,253,866
COMBOTS-aa4150-0211,529,867
COMBOTS-aa4150-03aa,938,868
COMBOTS-aa4150-ca,202,869
COMBOTS-aa4150-01f4,500,870
COMBOTS-aa4150-01c5,453,871
COMBOTS-aa4150-029e,670,872
COMBOTS-aa4150-0270,624,873
COMBOTS-aa4150-17,23,874
COMBOTS-aa4150-015c,348,875
COMBOTS-aa4150-0388,904,876
COMBOTS-aa4150-4d,77,877
COMBOTS-aa4150-031a,794,878
COMBOTS-aa4150-0231,561,879
COMBOTS-aa4150-023f,575,880
COMBOTS-aa4150-b9,185,881
COMBOTS-aa4150-57,87,882
COMBOTS-aa4150-99,153,883
COMBOTS-aa4150-13,19,884
COMBOTS-aa4150-71,113,885
COMBOTS-aa4150-02b7,695,886
COMBOTS-aa4150-0365,869,887
COMBOTS-aa4150-0301,769,888
COMBOTS-aa4150-f0,240,889
COMBOTS-aa4150-02db,731,890
COMBOTS-aa4150-02c4,708,891
COMBOTS-aa4150-02d0,720,892
COMBOTS-aa4150-02fb,763,893
COMBOTS-aa4150-0287,647,894
COMBOTS-aa4150-0261,609,895
COMBOTS-aa4150-92,146,896
COMBOTS-aa4150-0118,280,897
COMBOTS-aa4150-27,39,898
COMBOTS-aa4150-01bb,443,899
COMBOTS-aa4150-03c6,966,900
COMBOTS-aa4150-01f8,504,901
COMBOTS-aa4150-0396,918,902
COMBOTS-aa4150-02a7,679,903
COMBOTS-aa4150-be,190,904
COMBOTS-aa4150-02a4,676,905
COMBOTS-aa4150-0221,545,906
COMBOTS-aa4150-035a,858,907
COMBOTS-aa4150-64,100,908
COMBOTS-aa4150-0119,281,909
COMBOTS-aa4150-0305,773,910
COMBOTS-aa4150-0258,600,911
COMBOTS-aa4150-013c,316,912
COMBOTS-aa4150-01de,478,913
COMBOTS-aa4150-ad,173,914
COMBOTS-aa4150-c1,193,915
COMBOTS-aa4150-01e8,488,916
COMBOTS-aa4150-02ec,748,917
COMBOTS-aa4150-03bf,959,918
COMBOTS-aa4150-c9,201,919
COMBOTS-aa4150-0335,821,920
COMBOTS-aa4150-0360,864,921
COMBOTS-aa4150-019d,413,922
COMBOTS-aa4150-0242,578,923
COMBOTS-aa4150-022e,558,924
COMBOTS-aa4150-025e,606,925
COMBOTS-aa4150-013f,319,926
COMBOTS-aa4150-ce,206,927
COMBOTS-aa4150-95,149,928
COMBOTS-aa4150-02a9,681,929
COMBOTS-aa4150-7f,127,930
COMBOTS-aa4150-013d,317,931
COMBOTS-aa4150-01e5,485,932
COMBOTS-aa4150-01be,446,933
COMBOTS-aa4150-0210,528,934
COMBOTS-aa4150-032f,815,935
COMBOTS-aa4150-0340,832,936
COMBOTS-aa4150-2e,46,937
COMBOTS-aa4150-03c1,961,938
COMBOTS-aa4150-026c,620,939
COMBOTS-aa4150-02e6,742,940
COMBOTS-aa4150-0353,851,941
COMBOTS-aa4150-031d,797,942
COMBOTS-aa4150-0137,311,943
COMBOTS-aa4150-a2,162,944
COMBOTS-aa4150-01c3,451,945
COMBOTS-aa4150-01e6,486,946
COMBOTS-aa4150-038d,909,947
COMBOTS-aa4150-01c0,448,948
COMBOTS-aa4150-02e7,743,949
COMBOTS-aa4150-02a3,675,950
COMBOTS-aa4150-01b9,441,951
COMBOTS-aa4150-02fc,764,952
COMBOTS-aa4150-0170,368,953
COMBOTS-aa4150-0114,276,954
COMBOTS-aa4150-2c,44,955
COMBOTS-aa4150-01b1,433,956
COMBOTS-aa4150-01db,475,957
COMBOTS-aa4150-0199,409,958
COMBOTS-aa4150-021f,543,959
COMBOTS-aa4150-01ae,430,960
COMBOTS-aa4150-0e,14,961
COMBOTS-aa4150-bb,187,962
COMBOTS-aa4150-0267,615,963
COMBOTS-aa4150-06,6,964
COMBOTS-aa4150-02ab,683,965
COMBOTS-aa4150-02cf,719,966
COMBOTS-aa4150-0147,327,967
COMBOTS-aa4150-03d5,981,968
COMBOTS-aa4150-0265,613,969
COMBOTS-aa4150-53,83,970
COMBOTS-aa4150-03c7,967,971
COMBOTS-aa4150-0179,377,972
COMBOTS-aa4150-014e,334,973
COMBOTS-aa4150-88,136,974
COMBOTS-aa4150-29,41,975
COMBOTS-aa4150-0278,632,976
COMBOTS-aa4150-02a5,677,977
COMBOTS-aa4150-0200,512,978
COMBOTS-aa4150-0331,817,979
COMBOTS-aa4150-03cc,972,980
COMBOTS-aa4150-b7,183,981
COMBOTS-aa4150-cd,205,982
COMBOTS-aa4150-030a,778,983
COMBOTS-aa4150-01cf,463,984
COMBOTS-aa4150-0329,809,985
COMBOTS-aa4150-010d,269,986
COMBOTS-aa4150-023e,574,987
COMBOTS-aa4150-011c,284,988
COMBOTS-aa4150-10,16,989
COMBOTS-aa4150-0296,662,990
COMBOTS-aa4150-026f,623,991
COMBOTS-aa4150-0322,802,992
COMBOTS-aa4150-01d5,469,993
COMBOTS-aa4150-0254,596,994
COMBOTS-aa4150-0128,296,995
COMBOTS-aa4150-01a7,423,996
COMBOTS-aa4150-03d1,977,997
COMBOTS-aa4150-0377,887,998
COMBOTS-aa4150-0373,883,999