edition,owner,rank
Combot #999,erd15qweljtzyha7jwgkufhfj5qqkc4fwl9nlu533dajlv32psdwatuslf50r3,
Combot #998,erd1z563juvyfl7etnev8ua65vzhx65ln0rp0m783hq2m2wgdxx6z83s9t2cmv,
Combot #997,erd1azydwvvwd8hwsld4a737ldvnkmxjugxemsxcd8us7swql04une7sfhh57k,
Combot #996,erd1qqqqqqqqqqqqqpgq6wegs2xkypfpync8mn2sa5cmpqjlvrhwz5nqgepyg8,
Combot #995,erd1nlhu9vm64kx7dy0kmyk3yjcmphlvuu07ehfyjsnc6grrt6er4afs4aeqxf,
Combot #994,erd1azydwvvwd8hwsld4a737ldvnkmxjugxemsxcd8us7swql04une7sfhh57k,
Combot #993,erd1z8p5a6dut30rkdcl266expeyk6295w9835grs3pke8dts5ngrmmqp6yz80,
Combot #992,erd1ne6jp45m2k2qdvdjufj97fz8xgsndgesl6ce0fykyzsq9uflz3gq05x989,
Combot #991,erd1w8j0meqp0dxuk67me72hrhdtarx9u3kmwxtjvncp89s720wqvl8sj7lfmd,
Combot #990,erd1nlhu9vm64kx7dy0kmyk3yjcmphlvuu07ehfyjsnc6grrt6er4afs4aeqxf,
Combot #989,erd1azydwvvwd8hwsld4a737ldvnkmxjugxemsxcd8us7swql04une7sfhh57k,
Combot #988,erd1c7ag50xxcsrw5vtpjgx8d5a957rnck5xdrvr9ah8wgr7j4nv083s8kq3nj,
Combot #987,erd159mypt4myss3mqrs89ft0hjeacffks2690gq9u3mlh73m9sh0w5s09eqhh,
Combot #986,erd1ne6jp45m2k2qdvdjufj97fz8xgsndgesl6ce0fykyzsq9uflz3gq05x989,
Combot #985,erd1mzzjhg9qwry94p2amyzatjuz988refkt7fqmsh2k6lrcju8hgxeqcca2ev,
Combot #984,erd1qqqqqqqqqqqqqpgq6wegs2xkypfpync8mn2sa5cmpqjlvrhwz5nqgepyg8,
Combot #983,erd1g058zeufm39jp6hklkt4sh0m7r9l2d7ad3e3cq5vycqf7w3utjlsz520hv,
Combot #982,erd1mf2wtc4jh2zujhu4nynvrpaua9e98c4lwdyjnpp57qcx2gyqfy6q8l8ccp,
Combot #981,erd1w8j0meqp0dxuk67me72hrhdtarx9u3kmwxtjvncp89s720wqvl8sj7lfmd,
Combot #980,erd1mg3u5fm0d4rquxpr7hxt096507ze4j4xpngfuweynewc9cphgy8q4y972q,
Combot #979,erd1qqqqqqqqqqqqqpgq6wegs2xkypfpync8mn2sa5cmpqjlvrhwz5nqgepyg8,
Combot #978,erd1g058zeufm39jp6hklkt4sh0m7r9l2d7ad3e3cq5vycqf7w3utjlsz520hv,
Combot #977,erd10yqfg9ufrmypkv9ngyc2fd4h60ks7dvwyz9vguzwrdt32aauwjvslr9g3u,
Combot #976,erd1lt6jezu7v6g758j3nyk8urmk32c2ykhytf6y7dcuqw2hyyu5j2qsnuk4n7,
Combot #975,erd1f6u6elxf5rgql2gu2cvcqv7qyd5zqzhhnkwsg7samxl88pyu3xhsfwf7h8,
Combot #974,erd1wntft3qs5f0zysvhfakdf9tz4hcl9526urh79call8l2y8vx8afqkpmyse,
Combot #973,erd1q7466cw9xqne5fg2kj8jdmmua45l70esfa5rmjnhvvufffydamqqzzz3m7,
Combot #972,erd1qqqqqqqqqqqqqpgq6wegs2xkypfpync8mn2sa5cmpqjlvrhwz5nqgepyg8,
Combot #971,erd1c7ag50xxcsrw5vtpjgx8d5a957rnck5xdrvr9ah8wgr7j4nv083s8kq3nj,
Combot #970,erd1g058zeufm39jp6hklkt4sh0m7r9l2d7ad3e3cq5vycqf7w3utjlsz520hv,
Combot #969,erd1q7466cw9xqne5fg2kj8jdmmua45l70esfa5rmjnhvvufffydamqqzzz3m7,
Combot #968,erd1azydwvvwd8hwsld4a737ldvnkmxjugxemsxcd8us7swql04une7sfhh57k,
Combot #967,erd10yqfg9ufrmypkv9ngyc2fd4h60ks7dvwyz9vguzwrdt32aauwjvslr9g3u,
Combot #966,erd1qqqqqqqqqqqqqpgq6wegs2xkypfpync8mn2sa5cmpqjlvrhwz5nqgepyg8,
Combot #965,erd1u88h2jshqmsnu5l89mglpmcsu3lrkvkg7plhnxd2du5nytc0laqqxx26sg,
Combot #964,erd10yqfg9ufrmypkv9ngyc2fd4h60ks7dvwyz9vguzwrdt32aauwjvslr9g3u,
Combot #963,erd1qqqqqqqqqqqqqpgq6wegs2xkypfpync8mn2sa5cmpqjlvrhwz5nqgepyg8,
Combot #962,erd1f2tag0gugcqpshvc9jekughv60ua9nyav2jyqx0cherzjl7svs0s2dl692,
Combot #961,erd10yqfg9ufrmypkv9ngyc2fd4h60ks7dvwyz9vguzwrdt32aauwjvslr9g3u,
Combot #960,erd10yqfg9ufrmypkv9ngyc2fd4h60ks7dvwyz9vguzwrdt32aauwjvslr9g3u,
Combot #959,erd1m3t8p8qk6l4hylruqvweezyeymxzu78myq7xsxmlpgjjyajc7wyq7j9asf,
Combot #958,erd1wntft3qs5f0zysvhfakdf9tz4hcl9526urh79call8l2y8vx8afqkpmyse,
Combot #957,erd1mg3u5fm0d4rquxpr7hxt096507ze4j4xpngfuweynewc9cphgy8q4y972q,
Combot #956,erd1f2tag0gugcqpshvc9jekughv60ua9nyav2jyqx0cherzjl7svs0s2dl692,
Combot #955,erd1mg3u5fm0d4rquxpr7hxt096507ze4j4xpngfuweynewc9cphgy8q4y972q,
Combot #954,erd10yqfg9ufrmypkv9ngyc2fd4h60ks7dvwyz9vguzwrdt32aauwjvslr9g3u,
Combot #953,erd1wntft3qs5f0zysvhfakdf9tz4hcl9526urh79call8l2y8vx8afqkpmyse,
Combot #952,erd1azydwvvwd8hwsld4a737ldvnkmxjugxemsxcd8us7swql04une7sfhh57k,
Combot #951,erd1qqqqqqqqqqqqqpgq6wegs2xkypfpync8mn2sa5cmpqjlvrhwz5nqgepyg8,
Combot #950,erd1c7ag50xxcsrw5vtpjgx8d5a957rnck5xdrvr9ah8wgr7j4nv083s8kq3nj,
Combot #949,erd1q7466cw9xqne5fg2kj8jdmmua45l70esfa5rmjnhvvufffydamqqzzz3m7,
Combot #948,erd1u88h2jshqmsnu5l89mglpmcsu3lrkvkg7plhnxd2du5nytc0laqqxx26sg,
Combot #947,erd1c7ag50xxcsrw5vtpjgx8d5a957rnck5xdrvr9ah8wgr7j4nv083s8kq3nj,
Combot #946,erd10yqfg9ufrmypkv9ngyc2fd4h60ks7dvwyz9vguzwrdt32aauwjvslr9g3u,
Combot #945,erd19rx7hahlau4f8lu25p5hlzhpatdm8td7ct8dmsxdra0q0mn65q4qjn936l,
Combot #944,erd1q7466cw9xqne5fg2kj8jdmmua45l70esfa5rmjnhvvufffydamqqzzz3m7,
Combot #943,erd1qqqqqqqqqqqqqpgq6wegs2xkypfpync8mn2sa5cmpqjlvrhwz5nqgepyg8,
Combot #942,erd1ln42z8cqh9xf3sqgcqlw8srqxrkhum3df47u96wj6gapdmgtezwqlquzxm,
Combot #941,erd1q7466cw9xqne5fg2kj8jdmmua45l70esfa5rmjnhvvufffydamqqzzz3m7,
Combot #940,erd1wntft3qs5f0zysvhfakdf9tz4hcl9526urh79call8l2y8vx8afqkpmyse,
Combot #939,erd1w8j0meqp0dxuk67me72hrhdtarx9u3kmwxtjvncp89s720wqvl8sj7lfmd,
Combot #938,erd12g6qle82zezwuqy5rc676slnnfp0jnu4hrzuzhghl5daypprszjqkkan5s,
Combot #937,erd1w8j0meqp0dxuk67me72hrhdtarx9u3kmwxtjvncp89s720wqvl8sj7lfmd,
Combot #936,erd12g6qle82zezwuqy5rc676slnnfp0jnu4hrzuzhghl5daypprszjqkkan5s,
Combot #935,erd1azydwvvwd8hwsld4a737ldvnkmxjugxemsxcd8us7swql04une7sfhh57k,
Combot #934,erd1c7ag50xxcsrw5vtpjgx8d5a957rnck5xdrvr9ah8wgr7j4nv083s8kq3nj,
Combot #933,erd1mg3u5fm0d4rquxpr7hxt096507ze4j4xpngfuweynewc9cphgy8q4y972q,
Combot #932,erd1wntft3qs5f0zysvhfakdf9tz4hcl9526urh79call8l2y8vx8afqkpmyse,
Combot #931,erd1ne6jp45m2k2qdvdjufj97fz8xgsndgesl6ce0fykyzsq9uflz3gq05x989,
Combot #930,erd1wntft3qs5f0zysvhfakdf9tz4hcl9526urh79call8l2y8vx8afqkpmyse,
Combot #929,erd1lkdwuhctxg3xnmp2wps5sm3e5024jpg8n0umak4zhu3fu2kzv9as9nsj0w,
Combot #928,erd1f2tag0gugcqpshvc9jekughv60ua9nyav2jyqx0cherzjl7svs0s2dl692,
Combot #927,erd1c7ag50xxcsrw5vtpjgx8d5a957rnck5xdrvr9ah8wgr7j4nv083s8kq3nj,
Combot #926,erd1ju5fxhtdmzyr83wjdhuhyht2w0qlgufvewk6kdew5kg6a8wezdgsnnd2ln,
Combot #925,erd1lkdwuhctxg3xnmp2wps5sm3e5024jpg8n0umak4zhu3fu2kzv9as9nsj0w,
Combot #924,erd1wntft3qs5f0zysvhfakdf9tz4hcl9526urh79call8l2y8vx8afqkpmyse,
Combot #923,erd10yqfg9ufrmypkv9ngyc2fd4h60ks7dvwyz9vguzwrdt32aauwjvslr9g3u,
Combot #922,erd1wntft3qs5f0zysvhfakdf9tz4hcl9526urh79call8l2y8vx8afqkpmyse,
Combot #921,erd1ne6jp45m2k2qdvdjufj97fz8xgsndgesl6ce0fykyzsq9uflz3gq05x989,
Combot #920,erd1q7466cw9xqne5fg2kj8jdmmua45l70esfa5rmjnhvvufffydamqqzzz3m7,
Combot #919,erd1lt6jezu7v6g758j3nyk8urmk32c2ykhytf6y7dcuqw2hyyu5j2qsnuk4n7,
Combot #918,erd1qqqqqqqqqqqqqpgq6wegs2xkypfpync8mn2sa5cmpqjlvrhwz5nqgepyg8,
Combot #917,erd1mdp73tp9aq00z42806sxdyuh0z5mlfm5sgng6lw220q7kmm0c3fqt3ypvl,
Combot #916,erd1yr4ynrnd09zx3ngyzazvsrv6aguecklffa4ulge4cnwx4ljf63jqcpv2t2,
Combot #915,erd1wntft3qs5f0zysvhfakdf9tz4hcl9526urh79call8l2y8vx8afqkpmyse,
Combot #914,erd1q7466cw9xqne5fg2kj8jdmmua45l70esfa5rmjnhvvufffydamqqzzz3m7,
Combot #913,erd1c7ag50xxcsrw5vtpjgx8d5a957rnck5xdrvr9ah8wgr7j4nv083s8kq3nj,
Combot #912,erd10yqfg9ufrmypkv9ngyc2fd4h60ks7dvwyz9vguzwrdt32aauwjvslr9g3u,
Combot #911,erd1q7466cw9xqne5fg2kj8jdmmua45l70esfa5rmjnhvvufffydamqqzzz3m7,
Combot #910,erd19c2zu5jgfpxlxjzmr9mwsk7v80as44e3q8ywyvu3nhlhm935jpgs7eeffy,
Combot #909,erd1x2ahw3yka7ppl6vnva57jplq62f4jsxp24grtkzwxt3t77pntkpq687vyr,
Combot #908,erd1mdp73tp9aq00z42806sxdyuh0z5mlfm5sgng6lw220q7kmm0c3fqt3ypvl,
Combot #907,erd1w8j0meqp0dxuk67me72hrhdtarx9u3kmwxtjvncp89s720wqvl8sj7lfmd,
Combot #906,erd1wntft3qs5f0zysvhfakdf9tz4hcl9526urh79call8l2y8vx8afqkpmyse,
Combot #905,erd1x2ahw3yka7ppl6vnva57jplq62f4jsxp24grtkzwxt3t77pntkpq687vyr,
Combot #904,erd10yqfg9ufrmypkv9ngyc2fd4h60ks7dvwyz9vguzwrdt32aauwjvslr9g3u,
Combot #903,erd10yqfg9ufrmypkv9ngyc2fd4h60ks7dvwyz9vguzwrdt32aauwjvslr9g3u,
Combot #902,erd1g058zeufm39jp6hklkt4sh0m7r9l2d7ad3e3cq5vycqf7w3utjlsz520hv,
Combot #901,erd1nlhu9vm64kx7dy0kmyk3yjcmphlvuu07ehfyjsnc6grrt6er4afs4aeqxf,
Combot #900,erd1c7ag50xxcsrw5vtpjgx8d5a957rnck5xdrvr9ah8wgr7j4nv083s8kq3nj,
Combot #899,erd1ne6jp45m2k2qdvdjufj97fz8xgsndgesl6ce0fykyzsq9uflz3gq05x989,
Combot #898,erd1yr4ynrnd09zx3ngyzazvsrv6aguecklffa4ulge4cnwx4ljf63jqcpv2t2,
Combot #897,erd1q7466cw9xqne5fg2kj8jdmmua45l70esfa5rmjnhvvufffydamqqzzz3m7,
Combot #896,erd1lt6jezu7v6g758j3nyk8urmk32c2ykhytf6y7dcuqw2hyyu5j2qsnuk4n7,
Combot #895,erd1qqqqqqqqqqqqqpgq6wegs2xkypfpync8mn2sa5cmpqjlvrhwz5nqgepyg8,
Combot #894,erd1wntft3qs5f0zysvhfakdf9tz4hcl9526urh79call8l2y8vx8afqkpmyse,
Combot #893,erd1f6u6elxf5rgql2gu2cvcqv7qyd5zqzhhnkwsg7samxl88pyu3xhsfwf7h8,
Combot #892,erd1nlhu9vm64kx7dy0kmyk3yjcmphlvuu07ehfyjsnc6grrt6er4afs4aeqxf,
Combot #891,erd173pgmrpt3vxmev0spfjmunw85jra5fysr2v0740k3tke37ywa2vqqu39tw,
Combot #890,erd1q7466cw9xqne5fg2kj8jdmmua45l70esfa5rmjnhvvufffydamqqzzz3m7,
Combot #889,erd1c7ag50xxcsrw5vtpjgx8d5a957rnck5xdrvr9ah8wgr7j4nv083s8kq3nj,
Combot #888,erd1qqqqqqqqqqqqqpgq6wegs2xkypfpync8mn2sa5cmpqjlvrhwz5nqgepyg8,
Combot #887,erd1qqqqqqqqqqqqqpgq6wegs2xkypfpync8mn2sa5cmpqjlvrhwz5nqgepyg8,
Combot #886,erd10yqfg9ufrmypkv9ngyc2fd4h60ks7dvwyz9vguzwrdt32aauwjvslr9g3u,
Combot #885,erd1lkdwuhctxg3xnmp2wps5sm3e5024jpg8n0umak4zhu3fu2kzv9as9nsj0w,
Combot #884,erd1qqqqqqqqqqqqqpgq6wegs2xkypfpync8mn2sa5cmpqjlvrhwz5nqgepyg8,
Combot #883,erd1c7ag50xxcsrw5vtpjgx8d5a957rnck5xdrvr9ah8wgr7j4nv083s8kq3nj,
Combot #882,erd1u88h2jshqmsnu5l89mglpmcsu3lrkvkg7plhnxd2du5nytc0laqqxx26sg,
Combot #881,erd1c7ag50xxcsrw5vtpjgx8d5a957rnck5xdrvr9ah8wgr7j4nv083s8kq3nj,
Combot #880,erd1qqqqqqqqqqqqqpgq6wegs2xkypfpync8mn2sa5cmpqjlvrhwz5nqgepyg8,
Combot #879,erd1f6u6elxf5rgql2gu2cvcqv7qyd5zqzhhnkwsg7samxl88pyu3xhsfwf7h8,
Combot #878,erd1lkdwuhctxg3xnmp2wps5sm3e5024jpg8n0umak4zhu3fu2kzv9as9nsj0w,
Combot #877,erd17lufzwzgcuxy468evpq9768nesnk8rkrxjzuakws7az26e3eyg3sejznnw,
Combot #876,erd1w8j0meqp0dxuk67me72hrhdtarx9u3kmwxtjvncp89s720wqvl8sj7lfmd,
Combot #875,erd1ju5fxhtdmzyr83wjdhuhyht2w0qlgufvewk6kdew5kg6a8wezdgsnnd2ln,
Combot #874,erd1ne6jp45m2k2qdvdjufj97fz8xgsndgesl6ce0fykyzsq9uflz3gq05x989,
Combot #873,erd1lkdwuhctxg3xnmp2wps5sm3e5024jpg8n0umak4zhu3fu2kzv9as9nsj0w,
Combot #872,erd1w8j0meqp0dxuk67me72hrhdtarx9u3kmwxtjvncp89s720wqvl8sj7lfmd,
Combot #871,erd1c7ag50xxcsrw5vtpjgx8d5a957rnck5xdrvr9ah8wgr7j4nv083s8kq3nj,
Combot #870,erd1yr4ynrnd09zx3ngyzazvsrv6aguecklffa4ulge4cnwx4ljf63jqcpv2t2,
Combot #869,erd10yqfg9ufrmypkv9ngyc2fd4h60ks7dvwyz9vguzwrdt32aauwjvslr9g3u,
Combot #868,erd1c7ag50xxcsrw5vtpjgx8d5a957rnck5xdrvr9ah8wgr7j4nv083s8kq3nj,
Combot #867,erd1x3nqzfwu88hljtw4px6c6txykmcddpg86e4cwaqjxel6zwn52gcq29ffht,
Combot #866,erd1wntft3qs5f0zysvhfakdf9tz4hcl9526urh79call8l2y8vx8afqkpmyse,
Combot #865,erd1q7466cw9xqne5fg2kj8jdmmua45l70esfa5rmjnhvvufffydamqqzzz3m7,
Combot #864,erd1wntft3qs5f0zysvhfakdf9tz4hcl9526urh79call8l2y8vx8afqkpmyse,
Combot #863,erd1q7466cw9xqne5fg2kj8jdmmua45l70esfa5rmjnhvvufffydamqqzzz3m7,
Combot #862,erd1qqqqqqqqqqqqqpgq6wegs2xkypfpync8mn2sa5cmpqjlvrhwz5nqgepyg8,
Combot #861,erd1q7466cw9xqne5fg2kj8jdmmua45l70esfa5rmjnhvvufffydamqqzzz3m7,
Combot #860,erd1c7ag50xxcsrw5vtpjgx8d5a957rnck5xdrvr9ah8wgr7j4nv083s8kq3nj,
Combot #859,erd14jm6swhn9lu4m9634hkvgdhtq4vyaf0dutk9w47ma06vk3yh7t2s9c4ng5,
Combot #858,erd10yqfg9ufrmypkv9ngyc2fd4h60ks7dvwyz9vguzwrdt32aauwjvslr9g3u,
Combot #857,erd1lt6jezu7v6g758j3nyk8urmk32c2ykhytf6y7dcuqw2hyyu5j2qsnuk4n7,
Combot #856,erd1lt6jezu7v6g758j3nyk8urmk32c2ykhytf6y7dcuqw2hyyu5j2qsnuk4n7,
Combot #855,erd1x3nqzfwu88hljtw4px6c6txykmcddpg86e4cwaqjxel6zwn52gcq29ffht,
Combot #854,erd173pgmrpt3vxmev0spfjmunw85jra5fysr2v0740k3tke37ywa2vqqu39tw,
Combot #853,erd1nlhu9vm64kx7dy0kmyk3yjcmphlvuu07ehfyjsnc6grrt6er4afs4aeqxf,
Combot #852,erd1lt6jezu7v6g758j3nyk8urmk32c2ykhytf6y7dcuqw2hyyu5j2qsnuk4n7,
Combot #851,erd1f6u6elxf5rgql2gu2cvcqv7qyd5zqzhhnkwsg7samxl88pyu3xhsfwf7h8,
Combot #850,erd1c7ag50xxcsrw5vtpjgx8d5a957rnck5xdrvr9ah8wgr7j4nv083s8kq3nj,
Combot #849,erd1wntft3qs5f0zysvhfakdf9tz4hcl9526urh79call8l2y8vx8afqkpmyse,
Combot #848,erd1q7466cw9xqne5fg2kj8jdmmua45l70esfa5rmjnhvvufffydamqqzzz3m7,
Combot #847,erd173pgmrpt3vxmev0spfjmunw85jra5fysr2v0740k3tke37ywa2vqqu39tw,
Combot #846,erd1q7466cw9xqne5fg2kj8jdmmua45l70esfa5rmjnhvvufffydamqqzzz3m7,
Combot #845,erd1nlhu9vm64kx7dy0kmyk3yjcmphlvuu07ehfyjsnc6grrt6er4afs4aeqxf,
Combot #844,erd1c7ag50xxcsrw5vtpjgx8d5a957rnck5xdrvr9ah8wgr7j4nv083s8kq3nj,
Combot #843,erd10yqfg9ufrmypkv9ngyc2fd4h60ks7dvwyz9vguzwrdt32aauwjvslr9g3u,
Combot #842,erd1wntft3qs5f0zysvhfakdf9tz4hcl9526urh79call8l2y8vx8afqkpmyse,
Combot #841,erd1nrqw78ap9azgyhejwpcwvmapj9dcxc5esud47qhtf03p9m4sa3lqrkrz5g,
Combot #840,erd1q7466cw9xqne5fg2kj8jdmmua45l70esfa5rmjnhvvufffydamqqzzz3m7,
Combot #839,erd1x3nqzfwu88hljtw4px6c6txykmcddpg86e4cwaqjxel6zwn52gcq29ffht,
Combot #838,erd1c7ag50xxcsrw5vtpjgx8d5a957rnck5xdrvr9ah8wgr7j4nv083s8kq3nj,
Combot #837,erd1qqqqqqqqqqqqqpgq6wegs2xkypfpync8mn2sa5cmpqjlvrhwz5nqgepyg8,
Combot #836,erd1lt6jezu7v6g758j3nyk8urmk32c2ykhytf6y7dcuqw2hyyu5j2qsnuk4n7,
Combot #835,erd10yqfg9ufrmypkv9ngyc2fd4h60ks7dvwyz9vguzwrdt32aauwjvslr9g3u,
Combot #834,erd1aa8wrrerc7dl6v7jpc4jhuamp5swya2hxl86ly8x83llasc9cezq2mvq3w,
Combot #833,erd1ln42z8cqh9xf3sqgcqlw8srqxrkhum3df47u96wj6gapdmgtezwqlquzxm,
Combot #832,erd15c7p02w8vr6z7a8c330307jlc8yfj363rqxr5wjv0908x4c0lc9stk6f4u,
Combot #831,erd1q7466cw9xqne5fg2kj8jdmmua45l70esfa5rmjnhvvufffydamqqzzz3m7,
Combot #830,erd1mg3u5fm0d4rquxpr7hxt096507ze4j4xpngfuweynewc9cphgy8q4y972q,
Combot #829,erd19c2zu5jgfpxlxjzmr9mwsk7v80as44e3q8ywyvu3nhlhm935jpgs7eeffy,
Combot #828,erd1wntft3qs5f0zysvhfakdf9tz4hcl9526urh79call8l2y8vx8afqkpmyse,
Combot #827,erd1q7466cw9xqne5fg2kj8jdmmua45l70esfa5rmjnhvvufffydamqqzzz3m7,
Combot #826,erd1wntft3qs5f0zysvhfakdf9tz4hcl9526urh79call8l2y8vx8afqkpmyse,
Combot #825,erd1lt6jezu7v6g758j3nyk8urmk32c2ykhytf6y7dcuqw2hyyu5j2qsnuk4n7,
Combot #824,erd14dhg45peqmz6w38q969s8wy53f22fpahvkhcgfpcqlmnenc0na8quh92ju,
Combot #823,erd1w2dzy6su8k44pfqyvrskhajmyq9au4a0axuntvnmkpwf9pqgprws6mjxhw,
Combot #822,erd1u88h2jshqmsnu5l89mglpmcsu3lrkvkg7plhnxd2du5nytc0laqqxx26sg,
Combot #821,erd1k4umqhapvve4d30nv3p7u4dxcyjmzdnly4thkvx7xn82mzufcjqq76vlqm,
Combot #820,erd1wntft3qs5f0zysvhfakdf9tz4hcl9526urh79call8l2y8vx8afqkpmyse,
Combot #819,erd1k4umqhapvve4d30nv3p7u4dxcyjmzdnly4thkvx7xn82mzufcjqq76vlqm,
Combot #818,erd1u88h2jshqmsnu5l89mglpmcsu3lrkvkg7plhnxd2du5nytc0laqqxx26sg,
Combot #817,erd1nlhu9vm64kx7dy0kmyk3yjcmphlvuu07ehfyjsnc6grrt6er4afs4aeqxf,
Combot #816,erd1np3wxmn6vl536xmahpvtcman7mljzg332xx8tpv8gq0k92pus69qhtnygl,
Combot #815,erd10yqfg9ufrmypkv9ngyc2fd4h60ks7dvwyz9vguzwrdt32aauwjvslr9g3u,
Combot #814,erd1wntft3qs5f0zysvhfakdf9tz4hcl9526urh79call8l2y8vx8afqkpmyse,
Combot #813,erd16lqdzh0u0egfec7t9zx7qd2ua6hnkpu5qknmmpjtntj8vlr529wsx27l4m,
Combot #812,erd1k4umqhapvve4d30nv3p7u4dxcyjmzdnly4thkvx7xn82mzufcjqq76vlqm,
Combot #811,erd10yqfg9ufrmypkv9ngyc2fd4h60ks7dvwyz9vguzwrdt32aauwjvslr9g3u,
Combot #810,erd10yqfg9ufrmypkv9ngyc2fd4h60ks7dvwyz9vguzwrdt32aauwjvslr9g3u,
Combot #809,erd1wntft3qs5f0zysvhfakdf9tz4hcl9526urh79call8l2y8vx8afqkpmyse,
Combot #808,erd1np3wxmn6vl536xmahpvtcman7mljzg332xx8tpv8gq0k92pus69qhtnygl,
Combot #807,erd1x3nqzfwu88hljtw4px6c6txykmcddpg86e4cwaqjxel6zwn52gcq29ffht,
Combot #806,erd1qqqqqqqqqqqqqpgq6wegs2xkypfpync8mn2sa5cmpqjlvrhwz5nqgepyg8,
Combot #805,erd1aa8wrrerc7dl6v7jpc4jhuamp5swya2hxl86ly8x83llasc9cezq2mvq3w,
Combot #804,erd1qqqqqqqqqqqqqpgq6wegs2xkypfpync8mn2sa5cmpqjlvrhwz5nqgepyg8,
Combot #803,erd1qqqqqqqqqqqqqpgq6wegs2xkypfpync8mn2sa5cmpqjlvrhwz5nqgepyg8,
Combot #802,erd1qqqqqqqqqqqqqpgq6wegs2xkypfpync8mn2sa5cmpqjlvrhwz5nqgepyg8,
Combot #801,erd1k4umqhapvve4d30nv3p7u4dxcyjmzdnly4thkvx7xn82mzufcjqq76vlqm,
Combot #800,erd10yqfg9ufrmypkv9ngyc2fd4h60ks7dvwyz9vguzwrdt32aauwjvslr9g3u,
Combot #799,erd1lt6jezu7v6g758j3nyk8urmk32c2ykhytf6y7dcuqw2hyyu5j2qsnuk4n7,
Combot #798,erd1mdp73tp9aq00z42806sxdyuh0z5mlfm5sgng6lw220q7kmm0c3fqt3ypvl,
Combot #797,erd1vm0g9f78l7ag6xrxql0nnq8jupnjhsjugxsxgk327h6la37gxp0q9kxpy6,
Combot #796,erd1g058zeufm39jp6hklkt4sh0m7r9l2d7ad3e3cq5vycqf7w3utjlsz520hv,
Combot #795,erd1wntft3qs5f0zysvhfakdf9tz4hcl9526urh79call8l2y8vx8afqkpmyse,
Combot #794,erd1wntft3qs5f0zysvhfakdf9tz4hcl9526urh79call8l2y8vx8afqkpmyse,
Combot #793,erd1ne6jp45m2k2qdvdjufj97fz8xgsndgesl6ce0fykyzsq9uflz3gq05x989,
Combot #792,erd10yqfg9ufrmypkv9ngyc2fd4h60ks7dvwyz9vguzwrdt32aauwjvslr9g3u,
Combot #791,erd1c7ag50xxcsrw5vtpjgx8d5a957rnck5xdrvr9ah8wgr7j4nv083s8kq3nj,
Combot #790,erd1mg3u5fm0d4rquxpr7hxt096507ze4j4xpngfuweynewc9cphgy8q4y972q,
Combot #789,erd1qqqqqqqqqqqqqpgq6wegs2xkypfpync8mn2sa5cmpqjlvrhwz5nqgepyg8,
Combot #788,erd1wntft3qs5f0zysvhfakdf9tz4hcl9526urh79call8l2y8vx8afqkpmyse,
Combot #787,erd1wntft3qs5f0zysvhfakdf9tz4hcl9526urh79call8l2y8vx8afqkpmyse,
Combot #786,erd1wntft3qs5f0zysvhfakdf9tz4hcl9526urh79call8l2y8vx8afqkpmyse,
Combot #785,erd1wntft3qs5f0zysvhfakdf9tz4hcl9526urh79call8l2y8vx8afqkpmyse,
Combot #784,erd1w8j0meqp0dxuk67me72hrhdtarx9u3kmwxtjvncp89s720wqvl8sj7lfmd,
Combot #783,erd1c7ag50xxcsrw5vtpjgx8d5a957rnck5xdrvr9ah8wgr7j4nv083s8kq3nj,
Combot #782,erd1mg3u5fm0d4rquxpr7hxt096507ze4j4xpngfuweynewc9cphgy8q4y972q,
Combot #781,erd1ne6jp45m2k2qdvdjufj97fz8xgsndgesl6ce0fykyzsq9uflz3gq05x989,
Combot #780,erd1wntft3qs5f0zysvhfakdf9tz4hcl9526urh79call8l2y8vx8afqkpmyse,
Combot #779,erd1zs6c8c6p80gfdaxh5wzzt0z3l5p50x2rmp8qrta9sd09lcj0gjnsu5jxdk,
Combot #778,erd1m3t8p8qk6l4hylruqvweezyeymxzu78myq7xsxmlpgjjyajc7wyq7j9asf,
Combot #777,erd1uvn7nvq485aythttfk4yw782shqey68tak37ksdf8p2ta7v7sqes0k354r,
Combot #776,erd1ne6jp45m2k2qdvdjufj97fz8xgsndgesl6ce0fykyzsq9uflz3gq05x989,
Combot #775,erd1mdp73tp9aq00z42806sxdyuh0z5mlfm5sgng6lw220q7kmm0c3fqt3ypvl,
Combot #774,erd1ln42z8cqh9xf3sqgcqlw8srqxrkhum3df47u96wj6gapdmgtezwqlquzxm,
Combot #773,erd1tyycyldmcckka6qyjdgpnl5huj6uqrala3fxt2ncv7s2csuvgmkqj9mmpa,
Combot #772,erd1w8j0meqp0dxuk67me72hrhdtarx9u3kmwxtjvncp89s720wqvl8sj7lfmd,
Combot #771,erd1f6u6elxf5rgql2gu2cvcqv7qyd5zqzhhnkwsg7samxl88pyu3xhsfwf7h8,
Combot #770,erd10yqfg9ufrmypkv9ngyc2fd4h60ks7dvwyz9vguzwrdt32aauwjvslr9g3u,
Combot #769,erd1w2dzy6su8k44pfqyvrskhajmyq9au4a0axuntvnmkpwf9pqgprws6mjxhw,
Combot #768,erd1ju5fxhtdmzyr83wjdhuhyht2w0qlgufvewk6kdew5kg6a8wezdgsnnd2ln,
Combot #767,erd1lt6jezu7v6g758j3nyk8urmk32c2ykhytf6y7dcuqw2hyyu5j2qsnuk4n7,
Combot #766,erd1ju5fxhtdmzyr83wjdhuhyht2w0qlgufvewk6kdew5kg6a8wezdgsnnd2ln,
Combot #765,erd1np3wxmn6vl536xmahpvtcman7mljzg332xx8tpv8gq0k92pus69qhtnygl,
Combot #764,erd1rj77nnm5wvevwmsyql45k7psk3v7x9mwr7sa4hceetglsh5kvqcs3nrvgw,
Combot #763,erd196znn3l4pacp4flw8w67m7dfw7gcnwm553nez99hkwda0w5l4tyq2fx9we,
Combot #762,erd1lkdwuhctxg3xnmp2wps5sm3e5024jpg8n0umak4zhu3fu2kzv9as9nsj0w,
Combot #761,erd1wntft3qs5f0zysvhfakdf9tz4hcl9526urh79call8l2y8vx8afqkpmyse,
Combot #760,erd1h2cpvrtk78wm5mujfjy5zmylxpv3cj5ps7qf47arve07yq4l0j8qlwd7ck,
Combot #759,erd1qqqqqqqqqqqqqpgq6wegs2xkypfpync8mn2sa5cmpqjlvrhwz5nqgepyg8,
Combot #758,erd1lkdwuhctxg3xnmp2wps5sm3e5024jpg8n0umak4zhu3fu2kzv9as9nsj0w,
Combot #757,erd159mypt4myss3mqrs89ft0hjeacffks2690gq9u3mlh73m9sh0w5s09eqhh,
Combot #756,erd1lt6jezu7v6g758j3nyk8urmk32c2ykhytf6y7dcuqw2hyyu5j2qsnuk4n7,
Combot #755,erd1nrqw78ap9azgyhejwpcwvmapj9dcxc5esud47qhtf03p9m4sa3lqrkrz5g,
Combot #754,erd1wntft3qs5f0zysvhfakdf9tz4hcl9526urh79call8l2y8vx8afqkpmyse,
Combot #753,erd1lkdwuhctxg3xnmp2wps5sm3e5024jpg8n0umak4zhu3fu2kzv9as9nsj0w,
Combot #752,erd14h55junrjd5f4ywm3ze8u96588wy3hhwdht8nlufsta59xjtyp3s4fv3nq,
Combot #751,erd1tyycyldmcckka6qyjdgpnl5huj6uqrala3fxt2ncv7s2csuvgmkqj9mmpa,
Combot #750,erd1lt6jezu7v6g758j3nyk8urmk32c2ykhytf6y7dcuqw2hyyu5j2qsnuk4n7,
Combot #749,erd1w8j0meqp0dxuk67me72hrhdtarx9u3kmwxtjvncp89s720wqvl8sj7lfmd,
Combot #748,erd1np3wxmn6vl536xmahpvtcman7mljzg332xx8tpv8gq0k92pus69qhtnygl,
Combot #747,erd14h55junrjd5f4ywm3ze8u96588wy3hhwdht8nlufsta59xjtyp3s4fv3nq,
Combot #746,erd1wntft3qs5f0zysvhfakdf9tz4hcl9526urh79call8l2y8vx8afqkpmyse,
Combot #745,erd1nlhu9vm64kx7dy0kmyk3yjcmphlvuu07ehfyjsnc6grrt6er4afs4aeqxf,
Combot #744,erd1qqqqqqqqqqqqqpgq6wegs2xkypfpync8mn2sa5cmpqjlvrhwz5nqgepyg8,
Combot #743,erd1qqqqqqqqqqqqqpgq6wegs2xkypfpync8mn2sa5cmpqjlvrhwz5nqgepyg8,
Combot #742,erd1rh5ddjpw7688vez7kcy20apmen326hkf97j4enmmvwx9m20xx9qqjq4qy2,
Combot #741,erd10yqfg9ufrmypkv9ngyc2fd4h60ks7dvwyz9vguzwrdt32aauwjvslr9g3u,
Combot #740,erd1k4umqhapvve4d30nv3p7u4dxcyjmzdnly4thkvx7xn82mzufcjqq76vlqm,
Combot #739,erd1wntft3qs5f0zysvhfakdf9tz4hcl9526urh79call8l2y8vx8afqkpmyse,
Combot #738,erd1np3wxmn6vl536xmahpvtcman7mljzg332xx8tpv8gq0k92pus69qhtnygl,
Combot #737,erd1f6u6elxf5rgql2gu2cvcqv7qyd5zqzhhnkwsg7samxl88pyu3xhsfwf7h8,
Combot #736,erd1z563juvyfl7etnev8ua65vzhx65ln0rp0m783hq2m2wgdxx6z83s9t2cmv,
Combot #735,erd1lt6jezu7v6g758j3nyk8urmk32c2ykhytf6y7dcuqw2hyyu5j2qsnuk4n7,
Combot #734,erd1acl6q2zg0hwlmquxe0yfkh27jccl0k8wnz36f5m7dn8jsvpfqxps6663qd,
Combot #733,erd1qqqqqqqqqqqqqpgq6wegs2xkypfpync8mn2sa5cmpqjlvrhwz5nqgepyg8,
Combot #732,erd15hzdgp48hcfjakza9ge5kj9uvwjpad3ujhuvrlh9u9mvegalp8vskphapp,
Combot #731,erd10yqfg9ufrmypkv9ngyc2fd4h60ks7dvwyz9vguzwrdt32aauwjvslr9g3u,
Combot #730,erd16lqdzh0u0egfec7t9zx7qd2ua6hnkpu5qknmmpjtntj8vlr529wsx27l4m,
Combot #729,erd1w8j0meqp0dxuk67me72hrhdtarx9u3kmwxtjvncp89s720wqvl8sj7lfmd,
Combot #728,erd159mypt4myss3mqrs89ft0hjeacffks2690gq9u3mlh73m9sh0w5s09eqhh,
Combot #727,erd1nlhu9vm64kx7dy0kmyk3yjcmphlvuu07ehfyjsnc6grrt6er4afs4aeqxf,
Combot #726,erd1qqqqqqqqqqqqqpgq6wegs2xkypfpync8mn2sa5cmpqjlvrhwz5nqgepyg8,
Combot #725,erd1c7ag50xxcsrw5vtpjgx8d5a957rnck5xdrvr9ah8wgr7j4nv083s8kq3nj,
Combot #724,erd1ln42z8cqh9xf3sqgcqlw8srqxrkhum3df47u96wj6gapdmgtezwqlquzxm,
Combot #723,erd1wntft3qs5f0zysvhfakdf9tz4hcl9526urh79call8l2y8vx8afqkpmyse,
Combot #722,erd1nlhu9vm64kx7dy0kmyk3yjcmphlvuu07ehfyjsnc6grrt6er4afs4aeqxf,
Combot #721,erd1g058zeufm39jp6hklkt4sh0m7r9l2d7ad3e3cq5vycqf7w3utjlsz520hv,
Combot #720,erd1qqqqqqqqqqqqqpgq6wegs2xkypfpync8mn2sa5cmpqjlvrhwz5nqgepyg8,
Combot #719,erd1nlhu9vm64kx7dy0kmyk3yjcmphlvuu07ehfyjsnc6grrt6er4afs4aeqxf,
Combot #718,erd1k4umqhapvve4d30nv3p7u4dxcyjmzdnly4thkvx7xn82mzufcjqq76vlqm,
Combot #717,erd1w8j0meqp0dxuk67me72hrhdtarx9u3kmwxtjvncp89s720wqvl8sj7lfmd,
Combot #716,erd1lt6jezu7v6g758j3nyk8urmk32c2ykhytf6y7dcuqw2hyyu5j2qsnuk4n7,
Combot #715,erd1k4umqhapvve4d30nv3p7u4dxcyjmzdnly4thkvx7xn82mzufcjqq76vlqm,
Combot #714,erd10yqfg9ufrmypkv9ngyc2fd4h60ks7dvwyz9vguzwrdt32aauwjvslr9g3u,
Combot #713,erd1ln42z8cqh9xf3sqgcqlw8srqxrkhum3df47u96wj6gapdmgtezwqlquzxm,
Combot #712,erd1wntft3qs5f0zysvhfakdf9tz4hcl9526urh79call8l2y8vx8afqkpmyse,
Combot #711,erd1mg3u5fm0d4rquxpr7hxt096507ze4j4xpngfuweynewc9cphgy8q4y972q,
Combot #710,erd10yqfg9ufrmypkv9ngyc2fd4h60ks7dvwyz9vguzwrdt32aauwjvslr9g3u,
Combot #709,erd1w8j0meqp0dxuk67me72hrhdtarx9u3kmwxtjvncp89s720wqvl8sj7lfmd,
Combot #708,erd1k4umqhapvve4d30nv3p7u4dxcyjmzdnly4thkvx7xn82mzufcjqq76vlqm,
Combot #707,erd1qqqqqqqqqqqqqpgq705fxpfrjne0tl3ece0rrspykq88mynn4kxs2cg43s,
Combot #706,erd1wntft3qs5f0zysvhfakdf9tz4hcl9526urh79call8l2y8vx8afqkpmyse,
Combot #705,erd1nlhu9vm64kx7dy0kmyk3yjcmphlvuu07ehfyjsnc6grrt6er4afs4aeqxf,
Combot #704,erd1g058zeufm39jp6hklkt4sh0m7r9l2d7ad3e3cq5vycqf7w3utjlsz520hv,
Combot #703,erd1mdp73tp9aq00z42806sxdyuh0z5mlfm5sgng6lw220q7kmm0c3fqt3ypvl,
Combot #702,erd1rh5ddjpw7688vez7kcy20apmen326hkf97j4enmmvwx9m20xx9qqjq4qy2,
Combot #701,erd1aa8wrrerc7dl6v7jpc4jhuamp5swya2hxl86ly8x83llasc9cezq2mvq3w,
Combot #700,erd1k4umqhapvve4d30nv3p7u4dxcyjmzdnly4thkvx7xn82mzufcjqq76vlqm,
Combot #699,erd1qqqqqqqqqqqqqpgq6wegs2xkypfpync8mn2sa5cmpqjlvrhwz5nqgepyg8,
Combot #698,erd1ln42z8cqh9xf3sqgcqlw8srqxrkhum3df47u96wj6gapdmgtezwqlquzxm,
Combot #697,erd1nrqw78ap9azgyhejwpcwvmapj9dcxc5esud47qhtf03p9m4sa3lqrkrz5g,
Combot #696,erd1wntft3qs5f0zysvhfakdf9tz4hcl9526urh79call8l2y8vx8afqkpmyse,
Combot #695,erd1azydwvvwd8hwsld4a737ldvnkmxjugxemsxcd8us7swql04une7sfhh57k,
Combot #694,erd159mypt4myss3mqrs89ft0hjeacffks2690gq9u3mlh73m9sh0w5s09eqhh,
Combot #693,erd14dhg45peqmz6w38q969s8wy53f22fpahvkhcgfpcqlmnenc0na8quh92ju,
Combot #692,erd1jvd8ted5nk4ym5pl5ylmpujgsegs35uzwwqntj64ss0c3tc5dqrse9pwuq,
Combot #691,erd16lqdzh0u0egfec7t9zx7qd2ua6hnkpu5qknmmpjtntj8vlr529wsx27l4m,
Combot #690,erd1djcd3pch6tenlk07gjl58phq7yup5eqvp3s7qqatwqsf76fkqc7q2na63g,
Combot #689,erd1z563juvyfl7etnev8ua65vzhx65ln0rp0m783hq2m2wgdxx6z83s9t2cmv,
Combot #688,erd1zs6c8c6p80gfdaxh5wzzt0z3l5p50x2rmp8qrta9sd09lcj0gjnsu5jxdk,
Combot #687,erd17lufzwzgcuxy468evpq9768nesnk8rkrxjzuakws7az26e3eyg3sejznnw,
Combot #686,erd1lt6jezu7v6g758j3nyk8urmk32c2ykhytf6y7dcuqw2hyyu5j2qsnuk4n7,
Combot #685,erd1w8j0meqp0dxuk67me72hrhdtarx9u3kmwxtjvncp89s720wqvl8sj7lfmd,
Combot #684,erd1wntft3qs5f0zysvhfakdf9tz4hcl9526urh79call8l2y8vx8afqkpmyse,
Combot #683,erd1aa8wrrerc7dl6v7jpc4jhuamp5swya2hxl86ly8x83llasc9cezq2mvq3w,
Combot #682,erd10yqfg9ufrmypkv9ngyc2fd4h60ks7dvwyz9vguzwrdt32aauwjvslr9g3u,
Combot #681,erd10yqfg9ufrmypkv9ngyc2fd4h60ks7dvwyz9vguzwrdt32aauwjvslr9g3u,
Combot #680,erd1djcd3pch6tenlk07gjl58phq7yup5eqvp3s7qqatwqsf76fkqc7q2na63g,
Combot #679,erd1lkdwuhctxg3xnmp2wps5sm3e5024jpg8n0umak4zhu3fu2kzv9as9nsj0w,
Combot #678,erd10yqfg9ufrmypkv9ngyc2fd4h60ks7dvwyz9vguzwrdt32aauwjvslr9g3u,
Combot #677,erd16efgcmcd4fs923xhgchjfas233ur3ghrjnpg3a5ckwanxhs6tysszxf96r,
Combot #676,erd16lqdzh0u0egfec7t9zx7qd2ua6hnkpu5qknmmpjtntj8vlr529wsx27l4m,
Combot #675,erd1k4umqhapvve4d30nv3p7u4dxcyjmzdnly4thkvx7xn82mzufcjqq76vlqm,
Combot #674,erd17lufzwzgcuxy468evpq9768nesnk8rkrxjzuakws7az26e3eyg3sejznnw,
Combot #673,erd1f6u6elxf5rgql2gu2cvcqv7qyd5zqzhhnkwsg7samxl88pyu3xhsfwf7h8,
Combot #672,erd159mypt4myss3mqrs89ft0hjeacffks2690gq9u3mlh73m9sh0w5s09eqhh,
Combot #671,erd1qqqqqqqqqqqqqpgq6wegs2xkypfpync8mn2sa5cmpqjlvrhwz5nqgepyg8,
Combot #670,erd1aa8wrrerc7dl6v7jpc4jhuamp5swya2hxl86ly8x83llasc9cezq2mvq3w,
Combot #669,erd1mg3u5fm0d4rquxpr7hxt096507ze4j4xpngfuweynewc9cphgy8q4y972q,
Combot #668,erd1w8j0meqp0dxuk67me72hrhdtarx9u3kmwxtjvncp89s720wqvl8sj7lfmd,
Combot #667,erd1x3nqzfwu88hljtw4px6c6txykmcddpg86e4cwaqjxel6zwn52gcq29ffht,
Combot #666,erd1lkdwuhctxg3xnmp2wps5sm3e5024jpg8n0umak4zhu3fu2kzv9as9nsj0w,
Combot #665,erd1mg3u5fm0d4rquxpr7hxt096507ze4j4xpngfuweynewc9cphgy8q4y972q,
Combot #664,erd1zs6c8c6p80gfdaxh5wzzt0z3l5p50x2rmp8qrta9sd09lcj0gjnsu5jxdk,
Combot #663,erd1dmmalh3nycjt4v63jedn6530d8xwdh62flgq379v2ay45zm2sw6sa4u3kp,
Combot #662,erd1lt6jezu7v6g758j3nyk8urmk32c2ykhytf6y7dcuqw2hyyu5j2qsnuk4n7,
Combot #661,erd15hzdgp48hcfjakza9ge5kj9uvwjpad3ujhuvrlh9u9mvegalp8vskphapp,
Combot #660,erd1lt6jezu7v6g758j3nyk8urmk32c2ykhytf6y7dcuqw2hyyu5j2qsnuk4n7,
Combot #659,erd10yqfg9ufrmypkv9ngyc2fd4h60ks7dvwyz9vguzwrdt32aauwjvslr9g3u,
Combot #658,erd1lt6jezu7v6g758j3nyk8urmk32c2ykhytf6y7dcuqw2hyyu5j2qsnuk4n7,
Combot #657,erd1qqqqqqqqqqqqqpgq6wegs2xkypfpync8mn2sa5cmpqjlvrhwz5nqgepyg8,
Combot #656,erd1yr4ynrnd09zx3ngyzazvsrv6aguecklffa4ulge4cnwx4ljf63jqcpv2t2,
Combot #655,erd1nrqw78ap9azgyhejwpcwvmapj9dcxc5esud47qhtf03p9m4sa3lqrkrz5g,
Combot #654,erd1e7luwejzv43kez0qzv8wmx07lu4zgdxnndp0emegc8v8sypwwkkq6qjyuu,
Combot #653,erd1k4umqhapvve4d30nv3p7u4dxcyjmzdnly4thkvx7xn82mzufcjqq76vlqm,
Combot #652,erd1qqqqqqqqqqqqqpgq6wegs2xkypfpync8mn2sa5cmpqjlvrhwz5nqgepyg8,
Combot #651,erd1wntft3qs5f0zysvhfakdf9tz4hcl9526urh79call8l2y8vx8afqkpmyse,
Combot #650,erd1ht592jyxht5p6yrak97t3j6lvh7em4e6cy5rhaelau8x8gglazgqpr2xu2,
Combot #649,erd1wntft3qs5f0zysvhfakdf9tz4hcl9526urh79call8l2y8vx8afqkpmyse,
Combot #648,erd16lqdzh0u0egfec7t9zx7qd2ua6hnkpu5qknmmpjtntj8vlr529wsx27l4m,
Combot #647,erd1lkdwuhctxg3xnmp2wps5sm3e5024jpg8n0umak4zhu3fu2kzv9as9nsj0w,
Combot #646,erd1k4umqhapvve4d30nv3p7u4dxcyjmzdnly4thkvx7xn82mzufcjqq76vlqm,
Combot #645,erd1g058zeufm39jp6hklkt4sh0m7r9l2d7ad3e3cq5vycqf7w3utjlsz520hv,
Combot #644,erd10yqfg9ufrmypkv9ngyc2fd4h60ks7dvwyz9vguzwrdt32aauwjvslr9g3u,
Combot #643,erd1np3wxmn6vl536xmahpvtcman7mljzg332xx8tpv8gq0k92pus69qhtnygl,
Combot #642,erd1qqqqqqqqqqqqqpgq6wegs2xkypfpync8mn2sa5cmpqjlvrhwz5nqgepyg8,
Combot #641,erd1ne6jp45m2k2qdvdjufj97fz8xgsndgesl6ce0fykyzsq9uflz3gq05x989,
Combot #640,erd159mypt4myss3mqrs89ft0hjeacffks2690gq9u3mlh73m9sh0w5s09eqhh,
Combot #639,erd1g058zeufm39jp6hklkt4sh0m7r9l2d7ad3e3cq5vycqf7w3utjlsz520hv,
Combot #638,erd1ne6jp45m2k2qdvdjufj97fz8xgsndgesl6ce0fykyzsq9uflz3gq05x989,
Combot #637,erd1nlhu9vm64kx7dy0kmyk3yjcmphlvuu07ehfyjsnc6grrt6er4afs4aeqxf,
Combot #636,erd1aa8wrrerc7dl6v7jpc4jhuamp5swya2hxl86ly8x83llasc9cezq2mvq3w,
Combot #635,erd1wntft3qs5f0zysvhfakdf9tz4hcl9526urh79call8l2y8vx8afqkpmyse,
Combot #634,erd1wntft3qs5f0zysvhfakdf9tz4hcl9526urh79call8l2y8vx8afqkpmyse,
Combot #633,erd1qqqqqqqqqqqqqpgq6wegs2xkypfpync8mn2sa5cmpqjlvrhwz5nqgepyg8,
Combot #632,erd1yr4ynrnd09zx3ngyzazvsrv6aguecklffa4ulge4cnwx4ljf63jqcpv2t2,
Combot #631,erd1lkdwuhctxg3xnmp2wps5sm3e5024jpg8n0umak4zhu3fu2kzv9as9nsj0w,
Combot #630,erd10yqfg9ufrmypkv9ngyc2fd4h60ks7dvwyz9vguzwrdt32aauwjvslr9g3u,
Combot #629,erd1f6u6elxf5rgql2gu2cvcqv7qyd5zqzhhnkwsg7samxl88pyu3xhsfwf7h8,
Combot #628,erd1w8j0meqp0dxuk67me72hrhdtarx9u3kmwxtjvncp89s720wqvl8sj7lfmd,
Combot #627,erd1wntft3qs5f0zysvhfakdf9tz4hcl9526urh79call8l2y8vx8afqkpmyse,
Combot #626,erd14jm6swhn9lu4m9634hkvgdhtq4vyaf0dutk9w47ma06vk3yh7t2s9c4ng5,
Combot #625,erd15c7p02w8vr6z7a8c330307jlc8yfj363rqxr5wjv0908x4c0lc9stk6f4u,
Combot #624,erd1wntft3qs5f0zysvhfakdf9tz4hcl9526urh79call8l2y8vx8afqkpmyse,
Combot #623,erd173pgmrpt3vxmev0spfjmunw85jra5fysr2v0740k3tke37ywa2vqqu39tw,
Combot #622,erd173pgmrpt3vxmev0spfjmunw85jra5fysr2v0740k3tke37ywa2vqqu39tw,
Combot #621,erd1f6u6elxf5rgql2gu2cvcqv7qyd5zqzhhnkwsg7samxl88pyu3xhsfwf7h8,
Combot #620,erd1azydwvvwd8hwsld4a737ldvnkmxjugxemsxcd8us7swql04une7sfhh57k,
Combot #619,erd14jm6swhn9lu4m9634hkvgdhtq4vyaf0dutk9w47ma06vk3yh7t2s9c4ng5,
Combot #618,erd1lt6jezu7v6g758j3nyk8urmk32c2ykhytf6y7dcuqw2hyyu5j2qsnuk4n7,
Combot #617,erd1qqqqqqqqqqqqqpgq6wegs2xkypfpync8mn2sa5cmpqjlvrhwz5nqgepyg8,
Combot #616,erd10yqfg9ufrmypkv9ngyc2fd4h60ks7dvwyz9vguzwrdt32aauwjvslr9g3u,
Combot #615,erd1q7466cw9xqne5fg2kj8jdmmua45l70esfa5rmjnhvvufffydamqqzzz3m7,
Combot #614,erd1w8j0meqp0dxuk67me72hrhdtarx9u3kmwxtjvncp89s720wqvl8sj7lfmd,
Combot #613,erd1qqqqqqqqqqqqqpgq6wegs2xkypfpync8mn2sa5cmpqjlvrhwz5nqgepyg8,
Combot #612,erd1mg3u5fm0d4rquxpr7hxt096507ze4j4xpngfuweynewc9cphgy8q4y972q,
Combot #611,erd1q7466cw9xqne5fg2kj8jdmmua45l70esfa5rmjnhvvufffydamqqzzz3m7,
Combot #610,erd10yqfg9ufrmypkv9ngyc2fd4h60ks7dvwyz9vguzwrdt32aauwjvslr9g3u,
Combot #609,erd10yqfg9ufrmypkv9ngyc2fd4h60ks7dvwyz9vguzwrdt32aauwjvslr9g3u,
Combot #608,erd1c7ag50xxcsrw5vtpjgx8d5a957rnck5xdrvr9ah8wgr7j4nv083s8kq3nj,
Combot #607,erd1qqqqqqqqqqqqqpgq6wegs2xkypfpync8mn2sa5cmpqjlvrhwz5nqgepyg8,
Combot #606,erd1ln42z8cqh9xf3sqgcqlw8srqxrkhum3df47u96wj6gapdmgtezwqlquzxm,
Combot #605,erd19c2zu5jgfpxlxjzmr9mwsk7v80as44e3q8ywyvu3nhlhm935jpgs7eeffy,
Combot #604,erd1mdp73tp9aq00z42806sxdyuh0z5mlfm5sgng6lw220q7kmm0c3fqt3ypvl,
Combot #603,erd10yqfg9ufrmypkv9ngyc2fd4h60ks7dvwyz9vguzwrdt32aauwjvslr9g3u,
Combot #602,erd1lkdwuhctxg3xnmp2wps5sm3e5024jpg8n0umak4zhu3fu2kzv9as9nsj0w,
Combot #601,erd10yqfg9ufrmypkv9ngyc2fd4h60ks7dvwyz9vguzwrdt32aauwjvslr9g3u,
Combot #600,erd10yqfg9ufrmypkv9ngyc2fd4h60ks7dvwyz9vguzwrdt32aauwjvslr9g3u,
Combot #599,erd1c7ag50xxcsrw5vtpjgx8d5a957rnck5xdrvr9ah8wgr7j4nv083s8kq3nj,
Combot #598,erd1c7ag50xxcsrw5vtpjgx8d5a957rnck5xdrvr9ah8wgr7j4nv083s8kq3nj,
Combot #597,erd1lkdwuhctxg3xnmp2wps5sm3e5024jpg8n0umak4zhu3fu2kzv9as9nsj0w,
Combot #596,erd1f2tag0gugcqpshvc9jekughv60ua9nyav2jyqx0cherzjl7svs0s2dl692,
Combot #595,erd1c7ag50xxcsrw5vtpjgx8d5a957rnck5xdrvr9ah8wgr7j4nv083s8kq3nj,
Combot #594,erd1ne6jp45m2k2qdvdjufj97fz8xgsndgesl6ce0fykyzsq9uflz3gq05x989,
Combot #593,erd1q7466cw9xqne5fg2kj8jdmmua45l70esfa5rmjnhvvufffydamqqzzz3m7,
Combot #592,erd1c7ag50xxcsrw5vtpjgx8d5a957rnck5xdrvr9ah8wgr7j4nv083s8kq3nj,
Combot #591,erd1w8j0meqp0dxuk67me72hrhdtarx9u3kmwxtjvncp89s720wqvl8sj7lfmd,
Combot #590,erd12g6qle82zezwuqy5rc676slnnfp0jnu4hrzuzhghl5daypprszjqkkan5s,
Combot #589,erd1mf2wtc4jh2zujhu4nynvrpaua9e98c4lwdyjnpp57qcx2gyqfy6q8l8ccp,
Combot #588,erd1wntft3qs5f0zysvhfakdf9tz4hcl9526urh79call8l2y8vx8afqkpmyse,
Combot #587,erd1ln42z8cqh9xf3sqgcqlw8srqxrkhum3df47u96wj6gapdmgtezwqlquzxm,
Combot #586,erd1nlhu9vm64kx7dy0kmyk3yjcmphlvuu07ehfyjsnc6grrt6er4afs4aeqxf,
Combot #585,erd1x2ahw3yka7ppl6vnva57jplq62f4jsxp24grtkzwxt3t77pntkpq687vyr,
Combot #584,erd1q7466cw9xqne5fg2kj8jdmmua45l70esfa5rmjnhvvufffydamqqzzz3m7,
Combot #583,erd1qqqqqqqqqqqqqpgq6wegs2xkypfpync8mn2sa5cmpqjlvrhwz5nqgepyg8,
Combot #582,erd1mg3u5fm0d4rquxpr7hxt096507ze4j4xpngfuweynewc9cphgy8q4y972q,
Combot #581,erd1mdp73tp9aq00z42806sxdyuh0z5mlfm5sgng6lw220q7kmm0c3fqt3ypvl,
Combot #580,erd1c7ag50xxcsrw5vtpjgx8d5a957rnck5xdrvr9ah8wgr7j4nv083s8kq3nj,
Combot #579,erd1wntft3qs5f0zysvhfakdf9tz4hcl9526urh79call8l2y8vx8afqkpmyse,
Combot #578,erd1q7466cw9xqne5fg2kj8jdmmua45l70esfa5rmjnhvvufffydamqqzzz3m7,
Combot #577,erd1lkdwuhctxg3xnmp2wps5sm3e5024jpg8n0umak4zhu3fu2kzv9as9nsj0w,
Combot #576,erd1c7ag50xxcsrw5vtpjgx8d5a957rnck5xdrvr9ah8wgr7j4nv083s8kq3nj,
Combot #575,erd1wntft3qs5f0zysvhfakdf9tz4hcl9526urh79call8l2y8vx8afqkpmyse,
Combot #574,erd1mdp73tp9aq00z42806sxdyuh0z5mlfm5sgng6lw220q7kmm0c3fqt3ypvl,
Combot #573,erd1lkdwuhctxg3xnmp2wps5sm3e5024jpg8n0umak4zhu3fu2kzv9as9nsj0w,
Combot #572,erd1c7ag50xxcsrw5vtpjgx8d5a957rnck5xdrvr9ah8wgr7j4nv083s8kq3nj,
Combot #571,erd10yqfg9ufrmypkv9ngyc2fd4h60ks7dvwyz9vguzwrdt32aauwjvslr9g3u,
Combot #570,erd1k4umqhapvve4d30nv3p7u4dxcyjmzdnly4thkvx7xn82mzufcjqq76vlqm,
Combot #569,erd1qqqqqqqqqqqqqpgq6wegs2xkypfpync8mn2sa5cmpqjlvrhwz5nqgepyg8,
Combot #568,erd1ju5fxhtdmzyr83wjdhuhyht2w0qlgufvewk6kdew5kg6a8wezdgsnnd2ln,
Combot #567,erd1ln42z8cqh9xf3sqgcqlw8srqxrkhum3df47u96wj6gapdmgtezwqlquzxm,
Combot #566,erd1qqqqqqqqqqqqqpgq6wegs2xkypfpync8mn2sa5cmpqjlvrhwz5nqgepyg8,
Combot #565,erd1q7466cw9xqne5fg2kj8jdmmua45l70esfa5rmjnhvvufffydamqqzzz3m7,
Combot #564,erd1mg3u5fm0d4rquxpr7hxt096507ze4j4xpngfuweynewc9cphgy8q4y972q,
Combot #563,erd1f2tag0gugcqpshvc9jekughv60ua9nyav2jyqx0cherzjl7svs0s2dl692,
Combot #562,erd1qqqqqqqqqqqqqpgq6wegs2xkypfpync8mn2sa5cmpqjlvrhwz5nqgepyg8,
Combot #561,erd10yqfg9ufrmypkv9ngyc2fd4h60ks7dvwyz9vguzwrdt32aauwjvslr9g3u,
Combot #560,erd1mg3u5fm0d4rquxpr7hxt096507ze4j4xpngfuweynewc9cphgy8q4y972q,
Combot #559,erd10yqfg9ufrmypkv9ngyc2fd4h60ks7dvwyz9vguzwrdt32aauwjvslr9g3u,
Combot #558,erd1wntft3qs5f0zysvhfakdf9tz4hcl9526urh79call8l2y8vx8afqkpmyse,
Combot #557,erd1q7466cw9xqne5fg2kj8jdmmua45l70esfa5rmjnhvvufffydamqqzzz3m7,
Combot #556,erd1lt6jezu7v6g758j3nyk8urmk32c2ykhytf6y7dcuqw2hyyu5j2qsnuk4n7,
Combot #555,erd1qqqqqqqqqqqqqpgq6wegs2xkypfpync8mn2sa5cmpqjlvrhwz5nqgepyg8,
Combot #554,erd15c7p02w8vr6z7a8c330307jlc8yfj363rqxr5wjv0908x4c0lc9stk6f4u,
Combot #553,erd1mg3u5fm0d4rquxpr7hxt096507ze4j4xpngfuweynewc9cphgy8q4y972q,
Combot #552,erd13ujjfmw7sv86y64nw9lxkl8kvapt25x09k3ej2xgykywwe3z6ueqn782e8,
Combot #551,erd1qqqqqqqqqqqqqpgq6wegs2xkypfpync8mn2sa5cmpqjlvrhwz5nqgepyg8,
Combot #550,erd14jm6swhn9lu4m9634hkvgdhtq4vyaf0dutk9w47ma06vk3yh7t2s9c4ng5,
Combot #549,erd1c7ag50xxcsrw5vtpjgx8d5a957rnck5xdrvr9ah8wgr7j4nv083s8kq3nj,
Combot #548,erd1q7466cw9xqne5fg2kj8jdmmua45l70esfa5rmjnhvvufffydamqqzzz3m7,
Combot #547,erd14jm6swhn9lu4m9634hkvgdhtq4vyaf0dutk9w47ma06vk3yh7t2s9c4ng5,
Combot #546,erd1qqqqqqqqqqqqqpgq6wegs2xkypfpync8mn2sa5cmpqjlvrhwz5nqgepyg8,
Combot #545,erd1f4dw0ws0rv8kdwhm5s62ywchldr6l0l2gq36s7k7ky4cc0ya0saqnkpwtn,
Combot #544,erd1qqqqqqqqqqqqqpgq6wegs2xkypfpync8mn2sa5cmpqjlvrhwz5nqgepyg8,
Combot #543,erd173pgmrpt3vxmev0spfjmunw85jra5fysr2v0740k3tke37ywa2vqqu39tw,
Combot #542,erd1lkdwuhctxg3xnmp2wps5sm3e5024jpg8n0umak4zhu3fu2kzv9as9nsj0w,
Combot #541,erd10yqfg9ufrmypkv9ngyc2fd4h60ks7dvwyz9vguzwrdt32aauwjvslr9g3u,
Combot #540,erd1c7ag50xxcsrw5vtpjgx8d5a957rnck5xdrvr9ah8wgr7j4nv083s8kq3nj,
Combot #539,erd1mg3u5fm0d4rquxpr7hxt096507ze4j4xpngfuweynewc9cphgy8q4y972q,
Combot #538,erd10yqfg9ufrmypkv9ngyc2fd4h60ks7dvwyz9vguzwrdt32aauwjvslr9g3u,
Combot #537,erd1f6u6elxf5rgql2gu2cvcqv7qyd5zqzhhnkwsg7samxl88pyu3xhsfwf7h8,
Combot #536,erd1qqqqqqqqqqqqqpgq6wegs2xkypfpync8mn2sa5cmpqjlvrhwz5nqgepyg8,
Combot #535,erd1k4umqhapvve4d30nv3p7u4dxcyjmzdnly4thkvx7xn82mzufcjqq76vlqm,
Combot #534,erd1mdp73tp9aq00z42806sxdyuh0z5mlfm5sgng6lw220q7kmm0c3fqt3ypvl,
Combot #533,erd1yr4ynrnd09zx3ngyzazvsrv6aguecklffa4ulge4cnwx4ljf63jqcpv2t2,
Combot #532,erd1mdp73tp9aq00z42806sxdyuh0z5mlfm5sgng6lw220q7kmm0c3fqt3ypvl,
Combot #531,erd1mg3u5fm0d4rquxpr7hxt096507ze4j4xpngfuweynewc9cphgy8q4y972q,
Combot #530,erd1wntft3qs5f0zysvhfakdf9tz4hcl9526urh79call8l2y8vx8afqkpmyse,
Combot #529,erd1j7p5ug6xd74ggv9mej8ezak30ulyqpzxjfk4axnw09qstpural5s4l5lx9,
Combot #528,erd1gtzm2pfszxh572a7mmphdrhdag84saasvv27etmlqpagxutg60ps0yezqx,
Combot #527,erd1f4dw0ws0rv8kdwhm5s62ywchldr6l0l2gq36s7k7ky4cc0ya0saqnkpwtn,
Combot #526,erd1nlhu9vm64kx7dy0kmyk3yjcmphlvuu07ehfyjsnc6grrt6er4afs4aeqxf,
Combot #525,erd173pgmrpt3vxmev0spfjmunw85jra5fysr2v0740k3tke37ywa2vqqu39tw,
Combot #524,erd1nrqw78ap9azgyhejwpcwvmapj9dcxc5esud47qhtf03p9m4sa3lqrkrz5g,
Combot #523,erd1mg3u5fm0d4rquxpr7hxt096507ze4j4xpngfuweynewc9cphgy8q4y972q,
Combot #522,erd12g6qle82zezwuqy5rc676slnnfp0jnu4hrzuzhghl5daypprszjqkkan5s,
Combot #521,erd1f4dw0ws0rv8kdwhm5s62ywchldr6l0l2gq36s7k7ky4cc0ya0saqnkpwtn,
Combot #520,erd1f4dw0ws0rv8kdwhm5s62ywchldr6l0l2gq36s7k7ky4cc0ya0saqnkpwtn,
Combot #519,erd1lt6jezu7v6g758j3nyk8urmk32c2ykhytf6y7dcuqw2hyyu5j2qsnuk4n7,
Combot #518,erd1ne6jp45m2k2qdvdjufj97fz8xgsndgesl6ce0fykyzsq9uflz3gq05x989,
Combot #517,erd19rx7hahlau4f8lu25p5hlzhpatdm8td7ct8dmsxdra0q0mn65q4qjn936l,
Combot #516,erd1qqqqqqqqqqqqqpgq6wegs2xkypfpync8mn2sa5cmpqjlvrhwz5nqgepyg8,
Combot #515,erd1gtzm2pfszxh572a7mmphdrhdag84saasvv27etmlqpagxutg60ps0yezqx,
Combot #514,erd14dhg45peqmz6w38q969s8wy53f22fpahvkhcgfpcqlmnenc0na8quh92ju,
Combot #513,erd13ue5vrk7p5jgm4htvspukwcz8jf6p7l63w08urggpuseczyrqf7q92v8tn,
Combot #512,erd1ne6jp45m2k2qdvdjufj97fz8xgsndgesl6ce0fykyzsq9uflz3gq05x989,
Combot #511,erd16cg0p6rk2duzg60mwlac8j8qs26qvaxf72h5a57qse29g97z8edqkk9s3t,
Combot #510,erd1x3nqzfwu88hljtw4px6c6txykmcddpg86e4cwaqjxel6zwn52gcq29ffht,
Combot #509,erd1duar0lcwunjtp80wwupjarjgw8yl5pjr6vg960zp5jzuefus7cgsmdpu92,
Combot #508,erd1mdp73tp9aq00z42806sxdyuh0z5mlfm5sgng6lw220q7kmm0c3fqt3ypvl,
Combot #507,erd1ne6jp45m2k2qdvdjufj97fz8xgsndgesl6ce0fykyzsq9uflz3gq05x989,
Combot #506,erd1qqqqqqqqqqqqqpgq6wegs2xkypfpync8mn2sa5cmpqjlvrhwz5nqgepyg8,
Combot #505,erd1xl8m4s53vtjdh67ttxhv0sulzf7ksu5zlqqernx72w4pu5xkhdfswy5gkd,
Combot #504,erd14q9n4ju8r0x77hxrnyyvk8p8hhr3gazfmarg5qgxrhmrdd2cfans4anwt2,
Combot #503,erd1lkdwuhctxg3xnmp2wps5sm3e5024jpg8n0umak4zhu3fu2kzv9as9nsj0w,
Combot #502,erd1aa8wrrerc7dl6v7jpc4jhuamp5swya2hxl86ly8x83llasc9cezq2mvq3w,
Combot #501,erd1c7ag50xxcsrw5vtpjgx8d5a957rnck5xdrvr9ah8wgr7j4nv083s8kq3nj,
Combot #500,erd1c7ag50xxcsrw5vtpjgx8d5a957rnck5xdrvr9ah8wgr7j4nv083s8kq3nj,
Combot #499,erd1nrqw78ap9azgyhejwpcwvmapj9dcxc5esud47qhtf03p9m4sa3lqrkrz5g,
Combot #498,erd1f2tag0gugcqpshvc9jekughv60ua9nyav2jyqx0cherzjl7svs0s2dl692,
Combot #497,erd1ne6jp45m2k2qdvdjufj97fz8xgsndgesl6ce0fykyzsq9uflz3gq05x989,
Combot #496,erd173pgmrpt3vxmev0spfjmunw85jra5fysr2v0740k3tke37ywa2vqqu39tw,
Combot #495,erd1qqqqqqqqqqqqqpgq6wegs2xkypfpync8mn2sa5cmpqjlvrhwz5nqgepyg8,
Combot #494,erd1lkdwuhctxg3xnmp2wps5sm3e5024jpg8n0umak4zhu3fu2kzv9as9nsj0w,
Combot #493,erd1k4umqhapvve4d30nv3p7u4dxcyjmzdnly4thkvx7xn82mzufcjqq76vlqm,
Combot #492,erd1gtzm2pfszxh572a7mmphdrhdag84saasvv27etmlqpagxutg60ps0yezqx,
Combot #491,erd1nrqw78ap9azgyhejwpcwvmapj9dcxc5esud47qhtf03p9m4sa3lqrkrz5g,
Combot #490,erd1mg3u5fm0d4rquxpr7hxt096507ze4j4xpngfuweynewc9cphgy8q4y972q,
Combot #489,erd1qqqqqqqqqqqqqpgq6wegs2xkypfpync8mn2sa5cmpqjlvrhwz5nqgepyg8,
Combot #488,erd1lt6jezu7v6g758j3nyk8urmk32c2ykhytf6y7dcuqw2hyyu5j2qsnuk4n7,
Combot #487,erd1nrqw78ap9azgyhejwpcwvmapj9dcxc5esud47qhtf03p9m4sa3lqrkrz5g,
Combot #486,erd1x3nqzfwu88hljtw4px6c6txykmcddpg86e4cwaqjxel6zwn52gcq29ffht,
Combot #485,erd1qqqqqqqqqqqqqpgq6wegs2xkypfpync8mn2sa5cmpqjlvrhwz5nqgepyg8,
Combot #484,erd1np3wxmn6vl536xmahpvtcman7mljzg332xx8tpv8gq0k92pus69qhtnygl,
Combot #483,erd1k4umqhapvve4d30nv3p7u4dxcyjmzdnly4thkvx7xn82mzufcjqq76vlqm,
Combot #482,erd1qqqqqqqqqqqqqpgq6wegs2xkypfpync8mn2sa5cmpqjlvrhwz5nqgepyg8,
Combot #481,erd1gtzm2pfszxh572a7mmphdrhdag84saasvv27etmlqpagxutg60ps0yezqx,
Combot #480,erd1mdp73tp9aq00z42806sxdyuh0z5mlfm5sgng6lw220q7kmm0c3fqt3ypvl,
Combot #479,erd1n3jynejfgxmakkjdn8uqv042ug5j436t8tn3l4sk403n63qwmdusp4t3r0,
Combot #478,erd1ctm4jnvl4hva6kxn3wj8wg2rpw8sml4xugwkl0jk7dvddhrqsnzqnvh4pr,
Combot #477,erd1np3wxmn6vl536xmahpvtcman7mljzg332xx8tpv8gq0k92pus69qhtnygl,
Combot #476,erd1ne6jp45m2k2qdvdjufj97fz8xgsndgesl6ce0fykyzsq9uflz3gq05x989,
Combot #475,erd1rj77nnm5wvevwmsyql45k7psk3v7x9mwr7sa4hceetglsh5kvqcs3nrvgw,
Combot #474,erd1q7466cw9xqne5fg2kj8jdmmua45l70esfa5rmjnhvvufffydamqqzzz3m7,
Combot #473,erd1f4dw0ws0rv8kdwhm5s62ywchldr6l0l2gq36s7k7ky4cc0ya0saqnkpwtn,
Combot #472,erd1qqqqqqqqqqqqqpgq6wegs2xkypfpync8mn2sa5cmpqjlvrhwz5nqgepyg8,
Combot #471,erd1mg3u5fm0d4rquxpr7hxt096507ze4j4xpngfuweynewc9cphgy8q4y972q,
Combot #470,erd1mg3u5fm0d4rquxpr7hxt096507ze4j4xpngfuweynewc9cphgy8q4y972q,
Combot #469,erd1wntft3qs5f0zysvhfakdf9tz4hcl9526urh79call8l2y8vx8afqkpmyse,
Combot #468,erd1gtzm2pfszxh572a7mmphdrhdag84saasvv27etmlqpagxutg60ps0yezqx,
Combot #467,erd1c7ag50xxcsrw5vtpjgx8d5a957rnck5xdrvr9ah8wgr7j4nv083s8kq3nj,
Combot #466,erd1mdp73tp9aq00z42806sxdyuh0z5mlfm5sgng6lw220q7kmm0c3fqt3ypvl,
Combot #465,erd1lt6jezu7v6g758j3nyk8urmk32c2ykhytf6y7dcuqw2hyyu5j2qsnuk4n7,
Combot #464,erd1lt6jezu7v6g758j3nyk8urmk32c2ykhytf6y7dcuqw2hyyu5j2qsnuk4n7,
Combot #463,erd1w8j0meqp0dxuk67me72hrhdtarx9u3kmwxtjvncp89s720wqvl8sj7lfmd,
Combot #462,erd1mg3u5fm0d4rquxpr7hxt096507ze4j4xpngfuweynewc9cphgy8q4y972q,
Combot #461,erd1gtzm2pfszxh572a7mmphdrhdag84saasvv27etmlqpagxutg60ps0yezqx,
Combot #460,erd1c7ag50xxcsrw5vtpjgx8d5a957rnck5xdrvr9ah8wgr7j4nv083s8kq3nj,
Combot #459,erd1mg3u5fm0d4rquxpr7hxt096507ze4j4xpngfuweynewc9cphgy8q4y972q,
Combot #458,erd1c7ag50xxcsrw5vtpjgx8d5a957rnck5xdrvr9ah8wgr7j4nv083s8kq3nj,
Combot #457,erd1gtzm2pfszxh572a7mmphdrhdag84saasvv27etmlqpagxutg60ps0yezqx,
Combot #456,erd1q7466cw9xqne5fg2kj8jdmmua45l70esfa5rmjnhvvufffydamqqzzz3m7,
Combot #455,erd19rx7hahlau4f8lu25p5hlzhpatdm8td7ct8dmsxdra0q0mn65q4qjn936l,
Combot #454,erd173pgmrpt3vxmev0spfjmunw85jra5fysr2v0740k3tke37ywa2vqqu39tw,
Combot #453,erd1gtzm2pfszxh572a7mmphdrhdag84saasvv27etmlqpagxutg60ps0yezqx,
Combot #452,erd1f4dw0ws0rv8kdwhm5s62ywchldr6l0l2gq36s7k7ky4cc0ya0saqnkpwtn,
Combot #451,erd1nrqw78ap9azgyhejwpcwvmapj9dcxc5esud47qhtf03p9m4sa3lqrkrz5g,
Combot #450,erd1f6u6elxf5rgql2gu2cvcqv7qyd5zqzhhnkwsg7samxl88pyu3xhsfwf7h8,
Combot #449,erd1yr4ynrnd09zx3ngyzazvsrv6aguecklffa4ulge4cnwx4ljf63jqcpv2t2,
Combot #448,erd1f6u6elxf5rgql2gu2cvcqv7qyd5zqzhhnkwsg7samxl88pyu3xhsfwf7h8,
Combot #447,erd14jm6swhn9lu4m9634hkvgdhtq4vyaf0dutk9w47ma06vk3yh7t2s9c4ng5,
Combot #446,erd1q7466cw9xqne5fg2kj8jdmmua45l70esfa5rmjnhvvufffydamqqzzz3m7,
Combot #445,erd1ju5fxhtdmzyr83wjdhuhyht2w0qlgufvewk6kdew5kg6a8wezdgsnnd2ln,
Combot #444,erd1mg3u5fm0d4rquxpr7hxt096507ze4j4xpngfuweynewc9cphgy8q4y972q,
Combot #443,erd1qqqqqqqqqqqqqpgq6wegs2xkypfpync8mn2sa5cmpqjlvrhwz5nqgepyg8,
Combot #442,erd1qqqqqqqqqqqqqpgq6wegs2xkypfpync8mn2sa5cmpqjlvrhwz5nqgepyg8,
Combot #441,erd1qqqqqqqqqqqqqpgq6wegs2xkypfpync8mn2sa5cmpqjlvrhwz5nqgepyg8,
Combot #440,erd1c7ag50xxcsrw5vtpjgx8d5a957rnck5xdrvr9ah8wgr7j4nv083s8kq3nj,
Combot #439,erd1nlhu9vm64kx7dy0kmyk3yjcmphlvuu07ehfyjsnc6grrt6er4afs4aeqxf,
Combot #438,erd1mg3u5fm0d4rquxpr7hxt096507ze4j4xpngfuweynewc9cphgy8q4y972q,
Combot #437,erd1kxymyqtklf3nz3kea72zjm4w4aqjuu7rdhyzyuh7utksxe4t8vmq9nqcp6,
Combot #436,erd185rvrul963gzrlevs723k47evwzn20kfc3u4tnu8p2pr9pylfg3qywz2sx,
Combot #435,erd1c7ag50xxcsrw5vtpjgx8d5a957rnck5xdrvr9ah8wgr7j4nv083s8kq3nj,
Combot #434,erd1wntft3qs5f0zysvhfakdf9tz4hcl9526urh79call8l2y8vx8afqkpmyse,
Combot #433,erd1g058zeufm39jp6hklkt4sh0m7r9l2d7ad3e3cq5vycqf7w3utjlsz520hv,
Combot #432,erd173pgmrpt3vxmev0spfjmunw85jra5fysr2v0740k3tke37ywa2vqqu39tw,
Combot #431,erd1c7ag50xxcsrw5vtpjgx8d5a957rnck5xdrvr9ah8wgr7j4nv083s8kq3nj,
Combot #430,erd1x2ahw3yka7ppl6vnva57jplq62f4jsxp24grtkzwxt3t77pntkpq687vyr,
Combot #429,erd1lt6jezu7v6g758j3nyk8urmk32c2ykhytf6y7dcuqw2hyyu5j2qsnuk4n7,
Combot #428,erd1wntft3qs5f0zysvhfakdf9tz4hcl9526urh79call8l2y8vx8afqkpmyse,
Combot #427,erd1wntft3qs5f0zysvhfakdf9tz4hcl9526urh79call8l2y8vx8afqkpmyse,
Combot #426,erd1mdp73tp9aq00z42806sxdyuh0z5mlfm5sgng6lw220q7kmm0c3fqt3ypvl,
Combot #425,erd1q7466cw9xqne5fg2kj8jdmmua45l70esfa5rmjnhvvufffydamqqzzz3m7,
Combot #424,erd1qqqqqqqqqqqqqpgq6wegs2xkypfpync8mn2sa5cmpqjlvrhwz5nqgepyg8,
Combot #423,erd1qqqqqqqqqqqqqpgq6wegs2xkypfpync8mn2sa5cmpqjlvrhwz5nqgepyg8,
Combot #422,erd1lt6jezu7v6g758j3nyk8urmk32c2ykhytf6y7dcuqw2hyyu5j2qsnuk4n7,
Combot #421,erd1qqqqqqqqqqqqqpgq6wegs2xkypfpync8mn2sa5cmpqjlvrhwz5nqgepyg8,
Combot #420,erd1d70veu5gvlwfdja6c8tespu62neckzmyrvvhn3hwylt43l2uy8tqkzvrzv,
Combot #419,erd1nlhu9vm64kx7dy0kmyk3yjcmphlvuu07ehfyjsnc6grrt6er4afs4aeqxf,
Combot #418,erd1w8j0meqp0dxuk67me72hrhdtarx9u3kmwxtjvncp89s720wqvl8sj7lfmd,
Combot #417,erd1qqqqqqqqqqqqqpgq6wegs2xkypfpync8mn2sa5cmpqjlvrhwz5nqgepyg8,
Combot #416,erd1q7466cw9xqne5fg2kj8jdmmua45l70esfa5rmjnhvvufffydamqqzzz3m7,
Combot #415,erd1lt6jezu7v6g758j3nyk8urmk32c2ykhytf6y7dcuqw2hyyu5j2qsnuk4n7,
Combot #414,erd1f4dw0ws0rv8kdwhm5s62ywchldr6l0l2gq36s7k7ky4cc0ya0saqnkpwtn,
Combot #413,erd10yqfg9ufrmypkv9ngyc2fd4h60ks7dvwyz9vguzwrdt32aauwjvslr9g3u,
Combot #412,erd19c2zu5jgfpxlxjzmr9mwsk7v80as44e3q8ywyvu3nhlhm935jpgs7eeffy,
Combot #411,erd1qqqqqqqqqqqqqpgq6wegs2xkypfpync8mn2sa5cmpqjlvrhwz5nqgepyg8,
Combot #410,erd10yqfg9ufrmypkv9ngyc2fd4h60ks7dvwyz9vguzwrdt32aauwjvslr9g3u,
Combot #409,erd1xl8m4s53vtjdh67ttxhv0sulzf7ksu5zlqqernx72w4pu5xkhdfswy5gkd,
Combot #408,erd1mg3u5fm0d4rquxpr7hxt096507ze4j4xpngfuweynewc9cphgy8q4y972q,
Combot #407,erd1f6u6elxf5rgql2gu2cvcqv7qyd5zqzhhnkwsg7samxl88pyu3xhsfwf7h8,
Combot #406,erd1u88h2jshqmsnu5l89mglpmcsu3lrkvkg7plhnxd2du5nytc0laqqxx26sg,
Combot #405,erd1lkdwuhctxg3xnmp2wps5sm3e5024jpg8n0umak4zhu3fu2kzv9as9nsj0w,
Combot #404,erd1ln42z8cqh9xf3sqgcqlw8srqxrkhum3df47u96wj6gapdmgtezwqlquzxm,
Combot #403,erd1q7466cw9xqne5fg2kj8jdmmua45l70esfa5rmjnhvvufffydamqqzzz3m7,
Combot #402,erd1f6u6elxf5rgql2gu2cvcqv7qyd5zqzhhnkwsg7samxl88pyu3xhsfwf7h8,
Combot #401,erd1q7466cw9xqne5fg2kj8jdmmua45l70esfa5rmjnhvvufffydamqqzzz3m7,
Combot #400,erd16lqdzh0u0egfec7t9zx7qd2ua6hnkpu5qknmmpjtntj8vlr529wsx27l4m,
Combot #399,erd1wntft3qs5f0zysvhfakdf9tz4hcl9526urh79call8l2y8vx8afqkpmyse,
Combot #398,erd1f2tag0gugcqpshvc9jekughv60ua9nyav2jyqx0cherzjl7svs0s2dl692,
Combot #397,erd12g6qle82zezwuqy5rc676slnnfp0jnu4hrzuzhghl5daypprszjqkkan5s,
Combot #396,erd1vm0g9f78l7ag6xrxql0nnq8jupnjhsjugxsxgk327h6la37gxp0q9kxpy6,
Combot #395,erd1x3nqzfwu88hljtw4px6c6txykmcddpg86e4cwaqjxel6zwn52gcq29ffht,
Combot #394,erd1wntft3qs5f0zysvhfakdf9tz4hcl9526urh79call8l2y8vx8afqkpmyse,
Combot #393,erd1dmmalh3nycjt4v63jedn6530d8xwdh62flgq379v2ay45zm2sw6sa4u3kp,
Combot #392,erd1qqqqqqqqqqqqqpgq6wegs2xkypfpync8mn2sa5cmpqjlvrhwz5nqgepyg8,
Combot #391,erd1mdp73tp9aq00z42806sxdyuh0z5mlfm5sgng6lw220q7kmm0c3fqt3ypvl,
Combot #390,erd10yqfg9ufrmypkv9ngyc2fd4h60ks7dvwyz9vguzwrdt32aauwjvslr9g3u,
Combot #389,erd10yqfg9ufrmypkv9ngyc2fd4h60ks7dvwyz9vguzwrdt32aauwjvslr9g3u,
Combot #388,erd1c7ag50xxcsrw5vtpjgx8d5a957rnck5xdrvr9ah8wgr7j4nv083s8kq3nj,
Combot #387,erd1wntft3qs5f0zysvhfakdf9tz4hcl9526urh79call8l2y8vx8afqkpmyse,
Combot #386,erd1nrqw78ap9azgyhejwpcwvmapj9dcxc5esud47qhtf03p9m4sa3lqrkrz5g,
Combot #385,erd1ajdwv3kexfzf8c49h6gnttgtju7jz2p6efrsvf9eg3rcgk8z9sssuncmdz,
Combot #384,erd1ne6jp45m2k2qdvdjufj97fz8xgsndgesl6ce0fykyzsq9uflz3gq05x989,
Combot #383,erd1x3nqzfwu88hljtw4px6c6txykmcddpg86e4cwaqjxel6zwn52gcq29ffht,
Combot #382,erd1z563juvyfl7etnev8ua65vzhx65ln0rp0m783hq2m2wgdxx6z83s9t2cmv,
Combot #381,erd1lt6jezu7v6g758j3nyk8urmk32c2ykhytf6y7dcuqw2hyyu5j2qsnuk4n7,
Combot #380,erd1mdp73tp9aq00z42806sxdyuh0z5mlfm5sgng6lw220q7kmm0c3fqt3ypvl,
Combot #379,erd173pgmrpt3vxmev0spfjmunw85jra5fysr2v0740k3tke37ywa2vqqu39tw,
Combot #378,erd1nlhu9vm64kx7dy0kmyk3yjcmphlvuu07ehfyjsnc6grrt6er4afs4aeqxf,
Combot #377,erd1qqqqqqqqqqqqqpgq6wegs2xkypfpync8mn2sa5cmpqjlvrhwz5nqgepyg8,
Combot #376,erd17lufzwzgcuxy468evpq9768nesnk8rkrxjzuakws7az26e3eyg3sejznnw,
Combot #375,erd1qqqqqqqqqqqqqpgq6wegs2xkypfpync8mn2sa5cmpqjlvrhwz5nqgepyg8,
Combot #374,erd1aa8wrrerc7dl6v7jpc4jhuamp5swya2hxl86ly8x83llasc9cezq2mvq3w,
Combot #373,erd1lkdwuhctxg3xnmp2wps5sm3e5024jpg8n0umak4zhu3fu2kzv9as9nsj0w,
Combot #372,erd1c7ag50xxcsrw5vtpjgx8d5a957rnck5xdrvr9ah8wgr7j4nv083s8kq3nj,
Combot #371,erd1c7ag50xxcsrw5vtpjgx8d5a957rnck5xdrvr9ah8wgr7j4nv083s8kq3nj,
Combot #370,erd1lkdwuhctxg3xnmp2wps5sm3e5024jpg8n0umak4zhu3fu2kzv9as9nsj0w,
Combot #369,erd1ufuczhwrtfjxruuyj4ryx87ap0yudsd78cdfnxarzuttz3wm0ucscjarw8,
Combot #368,erd1u88h2jshqmsnu5l89mglpmcsu3lrkvkg7plhnxd2du5nytc0laqqxx26sg,
Combot #367,erd1vctd5p4wjrrykdjrxp5kqkz5v2c0evevadzk53entctrct0npm0s392ftj,
Combot #366,erd1ne6jp45m2k2qdvdjufj97fz8xgsndgesl6ce0fykyzsq9uflz3gq05x989,
Combot #365,erd1vhqul4766w5wcd66cd0yw9p0z0g9qdwenrkkjugdp2ufh49ll2cqj4gk8f,
Combot #364,erd1q7466cw9xqne5fg2kj8jdmmua45l70esfa5rmjnhvvufffydamqqzzz3m7,
Combot #363,erd1k4umqhapvve4d30nv3p7u4dxcyjmzdnly4thkvx7xn82mzufcjqq76vlqm,
Combot #362,erd10yqfg9ufrmypkv9ngyc2fd4h60ks7dvwyz9vguzwrdt32aauwjvslr9g3u,
Combot #361,erd1c7ag50xxcsrw5vtpjgx8d5a957rnck5xdrvr9ah8wgr7j4nv083s8kq3nj,
Combot #360,erd1q7466cw9xqne5fg2kj8jdmmua45l70esfa5rmjnhvvufffydamqqzzz3m7,
Combot #359,erd10yqfg9ufrmypkv9ngyc2fd4h60ks7dvwyz9vguzwrdt32aauwjvslr9g3u,
Combot #358,erd1f2tag0gugcqpshvc9jekughv60ua9nyav2jyqx0cherzjl7svs0s2dl692,
Combot #357,erd1nlhu9vm64kx7dy0kmyk3yjcmphlvuu07ehfyjsnc6grrt6er4afs4aeqxf,
Combot #356,erd1yr4ynrnd09zx3ngyzazvsrv6aguecklffa4ulge4cnwx4ljf63jqcpv2t2,
Combot #355,erd10yqfg9ufrmypkv9ngyc2fd4h60ks7dvwyz9vguzwrdt32aauwjvslr9g3u,
Combot #354,erd10yqfg9ufrmypkv9ngyc2fd4h60ks7dvwyz9vguzwrdt32aauwjvslr9g3u,
Combot #353,erd1lt6jezu7v6g758j3nyk8urmk32c2ykhytf6y7dcuqw2hyyu5j2qsnuk4n7,
Combot #352,erd1ju5fxhtdmzyr83wjdhuhyht2w0qlgufvewk6kdew5kg6a8wezdgsnnd2ln,
Combot #351,erd1lkdwuhctxg3xnmp2wps5sm3e5024jpg8n0umak4zhu3fu2kzv9as9nsj0w,
Combot #350,erd1c7ag50xxcsrw5vtpjgx8d5a957rnck5xdrvr9ah8wgr7j4nv083s8kq3nj,
Combot #349,erd1f4dw0ws0rv8kdwhm5s62ywchldr6l0l2gq36s7k7ky4cc0ya0saqnkpwtn,
Combot #348,erd1s0sh4p7da28pgyc9havcldngmf435ltg5kedfcxw4ud5du76fa5qk9hl2t,
Combot #347,erd1gkn5eppdkrkpyaq852vkgkqudg62qmsfy4nvdyj9w07eed2nmkdq9rgrk5,
Combot #346,erd1w8j0meqp0dxuk67me72hrhdtarx9u3kmwxtjvncp89s720wqvl8sj7lfmd,
Combot #345,erd1k4umqhapvve4d30nv3p7u4dxcyjmzdnly4thkvx7xn82mzufcjqq76vlqm,
Combot #344,erd1ne6jp45m2k2qdvdjufj97fz8xgsndgesl6ce0fykyzsq9uflz3gq05x989,
Combot #343,erd1mg3u5fm0d4rquxpr7hxt096507ze4j4xpngfuweynewc9cphgy8q4y972q,
Combot #342,erd1mg3u5fm0d4rquxpr7hxt096507ze4j4xpngfuweynewc9cphgy8q4y972q,
Combot #341,erd1nlhu9vm64kx7dy0kmyk3yjcmphlvuu07ehfyjsnc6grrt6er4afs4aeqxf,
Combot #340,erd1cea86fk3medytxeyhvwcpx2xtp0j5g8g8snsrnjppphaa9v8ccgqj95gst,
Combot #339,erd1ln42z8cqh9xf3sqgcqlw8srqxrkhum3df47u96wj6gapdmgtezwqlquzxm,
Combot #338,erd1mg3u5fm0d4rquxpr7hxt096507ze4j4xpngfuweynewc9cphgy8q4y972q,
Combot #337,erd1lt6jezu7v6g758j3nyk8urmk32c2ykhytf6y7dcuqw2hyyu5j2qsnuk4n7,
Combot #336,erd1k4umqhapvve4d30nv3p7u4dxcyjmzdnly4thkvx7xn82mzufcjqq76vlqm,
Combot #335,erd1nrqw78ap9azgyhejwpcwvmapj9dcxc5esud47qhtf03p9m4sa3lqrkrz5g,
Combot #334,erd1dmmalh3nycjt4v63jedn6530d8xwdh62flgq379v2ay45zm2sw6sa4u3kp,
Combot #333,erd1mdp73tp9aq00z42806sxdyuh0z5mlfm5sgng6lw220q7kmm0c3fqt3ypvl,
Combot #332,erd1qqqqqqqqqqqqqpgq6wegs2xkypfpync8mn2sa5cmpqjlvrhwz5nqgepyg8,
Combot #331,erd1f4dw0ws0rv8kdwhm5s62ywchldr6l0l2gq36s7k7ky4cc0ya0saqnkpwtn,
Combot #330,erd14jm6swhn9lu4m9634hkvgdhtq4vyaf0dutk9w47ma06vk3yh7t2s9c4ng5,
Combot #329,erd1gkn5eppdkrkpyaq852vkgkqudg62qmsfy4nvdyj9w07eed2nmkdq9rgrk5,
Combot #328,erd1lt6jezu7v6g758j3nyk8urmk32c2ykhytf6y7dcuqw2hyyu5j2qsnuk4n7,
Combot #327,erd1qqqqqqqqqqqqqpgq6wegs2xkypfpync8mn2sa5cmpqjlvrhwz5nqgepyg8,
Combot #326,erd1c7ag50xxcsrw5vtpjgx8d5a957rnck5xdrvr9ah8wgr7j4nv083s8kq3nj,
Combot #325,erd19c2zu5jgfpxlxjzmr9mwsk7v80as44e3q8ywyvu3nhlhm935jpgs7eeffy,
Combot #324,erd1qqqqqqqqqqqqqpgq6wegs2xkypfpync8mn2sa5cmpqjlvrhwz5nqgepyg8,
Combot #323,erd1qqqqqqqqqqqqqpgq6wegs2xkypfpync8mn2sa5cmpqjlvrhwz5nqgepyg8,
Combot #322,erd1lt6jezu7v6g758j3nyk8urmk32c2ykhytf6y7dcuqw2hyyu5j2qsnuk4n7,
Combot #321,erd1ufuczhwrtfjxruuyj4ryx87ap0yudsd78cdfnxarzuttz3wm0ucscjarw8,
Combot #320,erd1gkn5eppdkrkpyaq852vkgkqudg62qmsfy4nvdyj9w07eed2nmkdq9rgrk5,
Combot #319,erd17cdajuzxcdr4fl4vjrhmduwk5yy2nvxfxdhjvluafnckz8v65y5qdrvgar,
Combot #318,erd1gkn5eppdkrkpyaq852vkgkqudg62qmsfy4nvdyj9w07eed2nmkdq9rgrk5,
Combot #317,erd1lkdwuhctxg3xnmp2wps5sm3e5024jpg8n0umak4zhu3fu2kzv9as9nsj0w,
Combot #316,erd16cg0p6rk2duzg60mwlac8j8qs26qvaxf72h5a57qse29g97z8edqkk9s3t,
Combot #315,erd1f6u6elxf5rgql2gu2cvcqv7qyd5zqzhhnkwsg7samxl88pyu3xhsfwf7h8,
Combot #314,erd1ju5fxhtdmzyr83wjdhuhyht2w0qlgufvewk6kdew5kg6a8wezdgsnnd2ln,
Combot #313,erd1wntft3qs5f0zysvhfakdf9tz4hcl9526urh79call8l2y8vx8afqkpmyse,
Combot #312,erd1lt6jezu7v6g758j3nyk8urmk32c2ykhytf6y7dcuqw2hyyu5j2qsnuk4n7,
Combot #311,erd1w8j0meqp0dxuk67me72hrhdtarx9u3kmwxtjvncp89s720wqvl8sj7lfmd,
Combot #310,erd1ju5fxhtdmzyr83wjdhuhyht2w0qlgufvewk6kdew5kg6a8wezdgsnnd2ln,
Combot #309,erd19c2zu5jgfpxlxjzmr9mwsk7v80as44e3q8ywyvu3nhlhm935jpgs7eeffy,
Combot #308,erd1lkdwuhctxg3xnmp2wps5sm3e5024jpg8n0umak4zhu3fu2kzv9as9nsj0w,
Combot #307,erd1c7ag50xxcsrw5vtpjgx8d5a957rnck5xdrvr9ah8wgr7j4nv083s8kq3nj,
Combot #306,erd1ufuczhwrtfjxruuyj4ryx87ap0yudsd78cdfnxarzuttz3wm0ucscjarw8,
Combot #305,erd1gtzm2pfszxh572a7mmphdrhdag84saasvv27etmlqpagxutg60ps0yezqx,
Combot #304,erd1gkn5eppdkrkpyaq852vkgkqudg62qmsfy4nvdyj9w07eed2nmkdq9rgrk5,
Combot #303,erd1gkn5eppdkrkpyaq852vkgkqudg62qmsfy4nvdyj9w07eed2nmkdq9rgrk5,
Combot #302,erd1gtzm2pfszxh572a7mmphdrhdag84saasvv27etmlqpagxutg60ps0yezqx,
Combot #301,erd1gtzm2pfszxh572a7mmphdrhdag84saasvv27etmlqpagxutg60ps0yezqx,
Combot #300,erd1gkn5eppdkrkpyaq852vkgkqudg62qmsfy4nvdyj9w07eed2nmkdq9rgrk5,
Combot #299,erd1gkn5eppdkrkpyaq852vkgkqudg62qmsfy4nvdyj9w07eed2nmkdq9rgrk5,
Combot #298,erd1gtzm2pfszxh572a7mmphdrhdag84saasvv27etmlqpagxutg60ps0yezqx,
Combot #297,erd1gtzm2pfszxh572a7mmphdrhdag84saasvv27etmlqpagxutg60ps0yezqx,
Combot #296,erd1579n72wleud0czq5pgtcssrk4qk092nrj5flmk0n3jtgc5ndya6q5aghnq,
Combot #295,erd1gtzm2pfszxh572a7mmphdrhdag84saasvv27etmlqpagxutg60ps0yezqx,
Combot #294,erd1qqqqqqqqqqqqqpgql09gq23fw8s5vza9gv4dlfrsrjccnk5prkks880vpj,
Combot #293,erd1gtzm2pfszxh572a7mmphdrhdag84saasvv27etmlqpagxutg60ps0yezqx,
Combot #292,erd1lkdwuhctxg3xnmp2wps5sm3e5024jpg8n0umak4zhu3fu2kzv9as9nsj0w,
Combot #291,erd1f4dw0ws0rv8kdwhm5s62ywchldr6l0l2gq36s7k7ky4cc0ya0saqnkpwtn,
Combot #290,erd1gkn5eppdkrkpyaq852vkgkqudg62qmsfy4nvdyj9w07eed2nmkdq9rgrk5,
Combot #289,erd1np3wxmn6vl536xmahpvtcman7mljzg332xx8tpv8gq0k92pus69qhtnygl,
Combot #288,erd1k4umqhapvve4d30nv3p7u4dxcyjmzdnly4thkvx7xn82mzufcjqq76vlqm,
Combot #287,erd1k4umqhapvve4d30nv3p7u4dxcyjmzdnly4thkvx7xn82mzufcjqq76vlqm,
Combot #286,erd1gkn5eppdkrkpyaq852vkgkqudg62qmsfy4nvdyj9w07eed2nmkdq9rgrk5,
Combot #285,erd1f4dw0ws0rv8kdwhm5s62ywchldr6l0l2gq36s7k7ky4cc0ya0saqnkpwtn,
Combot #284,erd1xl8m4s53vtjdh67ttxhv0sulzf7ksu5zlqqernx72w4pu5xkhdfswy5gkd,
Combot #283,erd1f4dw0ws0rv8kdwhm5s62ywchldr6l0l2gq36s7k7ky4cc0ya0saqnkpwtn,
Combot #282,erd1k4umqhapvve4d30nv3p7u4dxcyjmzdnly4thkvx7xn82mzufcjqq76vlqm,
Combot #281,erd1gkn5eppdkrkpyaq852vkgkqudg62qmsfy4nvdyj9w07eed2nmkdq9rgrk5,
Combot #280,erd1g058zeufm39jp6hklkt4sh0m7r9l2d7ad3e3cq5vycqf7w3utjlsz520hv,
Combot #279,erd1c7ag50xxcsrw5vtpjgx8d5a957rnck5xdrvr9ah8wgr7j4nv083s8kq3nj,
Combot #278,erd1yr4ynrnd09zx3ngyzazvsrv6aguecklffa4ulge4cnwx4ljf63jqcpv2t2,
Combot #277,erd1mdp73tp9aq00z42806sxdyuh0z5mlfm5sgng6lw220q7kmm0c3fqt3ypvl,
Combot #276,erd1lkdwuhctxg3xnmp2wps5sm3e5024jpg8n0umak4zhu3fu2kzv9as9nsj0w,
Combot #275,erd19rx7hahlau4f8lu25p5hlzhpatdm8td7ct8dmsxdra0q0mn65q4qjn936l,
Combot #274,erd1yr4ynrnd09zx3ngyzazvsrv6aguecklffa4ulge4cnwx4ljf63jqcpv2t2,
Combot #273,erd1qqqqqqqqqqqqqpgq6wegs2xkypfpync8mn2sa5cmpqjlvrhwz5nqgepyg8,
Combot #272,erd1ju5fxhtdmzyr83wjdhuhyht2w0qlgufvewk6kdew5kg6a8wezdgsnnd2ln,
Combot #271,erd1aa8wrrerc7dl6v7jpc4jhuamp5swya2hxl86ly8x83llasc9cezq2mvq3w,
Combot #270,erd1lkdwuhctxg3xnmp2wps5sm3e5024jpg8n0umak4zhu3fu2kzv9as9nsj0w,
Combot #269,erd1ufuczhwrtfjxruuyj4ryx87ap0yudsd78cdfnxarzuttz3wm0ucscjarw8,
Combot #268,erd1z563juvyfl7etnev8ua65vzhx65ln0rp0m783hq2m2wgdxx6z83s9t2cmv,
Combot #267,erd1k4umqhapvve4d30nv3p7u4dxcyjmzdnly4thkvx7xn82mzufcjqq76vlqm,
Combot #266,erd1azydwvvwd8hwsld4a737ldvnkmxjugxemsxcd8us7swql04une7sfhh57k,
Combot #265,erd134xqgu3npm0jmr3mt9cvujfp2r4m0dn0etxmxucds5t8s0jxmcjq9wah8j,
Combot #264,erd1gkn5eppdkrkpyaq852vkgkqudg62qmsfy4nvdyj9w07eed2nmkdq9rgrk5,
Combot #263,erd1ufuczhwrtfjxruuyj4ryx87ap0yudsd78cdfnxarzuttz3wm0ucscjarw8,
Combot #262,erd1k4umqhapvve4d30nv3p7u4dxcyjmzdnly4thkvx7xn82mzufcjqq76vlqm,
Combot #261,erd1yr4ynrnd09zx3ngyzazvsrv6aguecklffa4ulge4cnwx4ljf63jqcpv2t2,
Combot #260,erd1gkn5eppdkrkpyaq852vkgkqudg62qmsfy4nvdyj9w07eed2nmkdq9rgrk5,
Combot #259,erd1w8j0meqp0dxuk67me72hrhdtarx9u3kmwxtjvncp89s720wqvl8sj7lfmd,
Combot #258,erd19rx7hahlau4f8lu25p5hlzhpatdm8td7ct8dmsxdra0q0mn65q4qjn936l,
Combot #257,erd1yr4ynrnd09zx3ngyzazvsrv6aguecklffa4ulge4cnwx4ljf63jqcpv2t2,
Combot #256,erd1gkn5eppdkrkpyaq852vkgkqudg62qmsfy4nvdyj9w07eed2nmkdq9rgrk5,
Combot #255,erd1mg3u5fm0d4rquxpr7hxt096507ze4j4xpngfuweynewc9cphgy8q4y972q,
Combot #254,erd19c2zu5jgfpxlxjzmr9mwsk7v80as44e3q8ywyvu3nhlhm935jpgs7eeffy,
Combot #253,erd1mdp73tp9aq00z42806sxdyuh0z5mlfm5sgng6lw220q7kmm0c3fqt3ypvl,
Combot #252,erd1xl8m4s53vtjdh67ttxhv0sulzf7ksu5zlqqernx72w4pu5xkhdfswy5gkd,
Combot #251,erd1f4dw0ws0rv8kdwhm5s62ywchldr6l0l2gq36s7k7ky4cc0ya0saqnkpwtn,
Combot #250,erd1akgsswj6wxkkdhcdv0emkt4sdl7hzjjs2lknajnr42wgynyz967q9mc362,
Combot #249,erd1z563juvyfl7etnev8ua65vzhx65ln0rp0m783hq2m2wgdxx6z83s9t2cmv,
Combot #248,erd1f4dw0ws0rv8kdwhm5s62ywchldr6l0l2gq36s7k7ky4cc0ya0saqnkpwtn,
Combot #247,erd1xl8m4s53vtjdh67ttxhv0sulzf7ksu5zlqqernx72w4pu5xkhdfswy5gkd,
Combot #246,erd1xl8m4s53vtjdh67ttxhv0sulzf7ksu5zlqqernx72w4pu5xkhdfswy5gkd,
Combot #245,erd1mg3u5fm0d4rquxpr7hxt096507ze4j4xpngfuweynewc9cphgy8q4y972q,
Combot #244,erd1u88h2jshqmsnu5l89mglpmcsu3lrkvkg7plhnxd2du5nytc0laqqxx26sg,
Combot #243,erd1xl8m4s53vtjdh67ttxhv0sulzf7ksu5zlqqernx72w4pu5xkhdfswy5gkd,
Combot #242,erd1k4umqhapvve4d30nv3p7u4dxcyjmzdnly4thkvx7xn82mzufcjqq76vlqm,
Combot #241,erd1gtzm2pfszxh572a7mmphdrhdag84saasvv27etmlqpagxutg60ps0yezqx,
Combot #240,erd1yr4ynrnd09zx3ngyzazvsrv6aguecklffa4ulge4cnwx4ljf63jqcpv2t2,
Combot #239,erd1k4umqhapvve4d30nv3p7u4dxcyjmzdnly4thkvx7xn82mzufcjqq76vlqm,
Combot #238,erd1lt6jezu7v6g758j3nyk8urmk32c2ykhytf6y7dcuqw2hyyu5j2qsnuk4n7,
Combot #237,erd1k4umqhapvve4d30nv3p7u4dxcyjmzdnly4thkvx7xn82mzufcjqq76vlqm,
Combot #236,erd159mypt4myss3mqrs89ft0hjeacffks2690gq9u3mlh73m9sh0w5s09eqhh,
Combot #235,erd1lt6jezu7v6g758j3nyk8urmk32c2ykhytf6y7dcuqw2hyyu5j2qsnuk4n7,
Combot #234,erd1f4dw0ws0rv8kdwhm5s62ywchldr6l0l2gq36s7k7ky4cc0ya0saqnkpwtn,
Combot #233,erd1nck3v0qp4phgpra8sa0wx7xg333dktarx8hne089ndaxaf3zks2ql0xqa2,
Combot #232,erd1xl8m4s53vtjdh67ttxhv0sulzf7ksu5zlqqernx72w4pu5xkhdfswy5gkd,
Combot #231,erd1djcd3pch6tenlk07gjl58phq7yup5eqvp3s7qqatwqsf76fkqc7q2na63g,
Combot #230,erd1wntft3qs5f0zysvhfakdf9tz4hcl9526urh79call8l2y8vx8afqkpmyse,
Combot #229,erd1c7ag50xxcsrw5vtpjgx8d5a957rnck5xdrvr9ah8wgr7j4nv083s8kq3nj,
Combot #228,erd1np3wxmn6vl536xmahpvtcman7mljzg332xx8tpv8gq0k92pus69qhtnygl,
Combot #227,erd1f2tag0gugcqpshvc9jekughv60ua9nyav2jyqx0cherzjl7svs0s2dl692,
Combot #226,erd1f4dw0ws0rv8kdwhm5s62ywchldr6l0l2gq36s7k7ky4cc0ya0saqnkpwtn,
Combot #225,erd1nrqw78ap9azgyhejwpcwvmapj9dcxc5esud47qhtf03p9m4sa3lqrkrz5g,
Combot #224,erd1gtzm2pfszxh572a7mmphdrhdag84saasvv27etmlqpagxutg60ps0yezqx,
Combot #223,erd1nrqw78ap9azgyhejwpcwvmapj9dcxc5esud47qhtf03p9m4sa3lqrkrz5g,
Combot #222,erd1lt6jezu7v6g758j3nyk8urmk32c2ykhytf6y7dcuqw2hyyu5j2qsnuk4n7,
Combot #221,erd1xl8m4s53vtjdh67ttxhv0sulzf7ksu5zlqqernx72w4pu5xkhdfswy5gkd,
Combot #220,erd1x2ahw3yka7ppl6vnva57jplq62f4jsxp24grtkzwxt3t77pntkpq687vyr,
Combot #219,erd1hjztgc8gley6m2rdhtg6h4yf2nt4wuhw59ljmgsqgcvnxrvgc8hq52pnfh,
Combot #218,erd1ne6jp45m2k2qdvdjufj97fz8xgsndgesl6ce0fykyzsq9uflz3gq05x989,
Combot #217,erd1c7ag50xxcsrw5vtpjgx8d5a957rnck5xdrvr9ah8wgr7j4nv083s8kq3nj,
Combot #216,erd1mdp73tp9aq00z42806sxdyuh0z5mlfm5sgng6lw220q7kmm0c3fqt3ypvl,
Combot #215,erd1wntft3qs5f0zysvhfakdf9tz4hcl9526urh79call8l2y8vx8afqkpmyse,
Combot #214,erd1wntft3qs5f0zysvhfakdf9tz4hcl9526urh79call8l2y8vx8afqkpmyse,
Combot #213,erd1qqqqqqqqqqqqqpgq6wegs2xkypfpync8mn2sa5cmpqjlvrhwz5nqgepyg8,
Combot #212,erd1qqqqqqqqqqqqqpgq6wegs2xkypfpync8mn2sa5cmpqjlvrhwz5nqgepyg8,
Combot #211,erd1x3nqzfwu88hljtw4px6c6txykmcddpg86e4cwaqjxel6zwn52gcq29ffht,
Combot #210,erd14jm6swhn9lu4m9634hkvgdhtq4vyaf0dutk9w47ma06vk3yh7t2s9c4ng5,
Combot #209,erd1mg3u5fm0d4rquxpr7hxt096507ze4j4xpngfuweynewc9cphgy8q4y972q,
Combot #208,erd1wntft3qs5f0zysvhfakdf9tz4hcl9526urh79call8l2y8vx8afqkpmyse,
Combot #207,erd1wntft3qs5f0zysvhfakdf9tz4hcl9526urh79call8l2y8vx8afqkpmyse,
Combot #206,erd1nck3v0qp4phgpra8sa0wx7xg333dktarx8hne089ndaxaf3zks2ql0xqa2,
Combot #205,erd1kqunvggm0qacv4fa6ypj5m364mmhf4wtueeejn7lw0dqdemvc5yshhkp4a,
Combot #204,erd1wntft3qs5f0zysvhfakdf9tz4hcl9526urh79call8l2y8vx8afqkpmyse,
Combot #203,erd10yqfg9ufrmypkv9ngyc2fd4h60ks7dvwyz9vguzwrdt32aauwjvslr9g3u,
Combot #202,erd1qqqqqqqqqqqqqpgq6wegs2xkypfpync8mn2sa5cmpqjlvrhwz5nqgepyg8,
Combot #201,erd1xl8m4s53vtjdh67ttxhv0sulzf7ksu5zlqqernx72w4pu5xkhdfswy5gkd,
Combot #200,erd18cesq9rs8dxf9h2zh9qp0myycf5739mlynfur47grmt6puy3eteqtka6xa,
Combot #199,erd1mdp73tp9aq00z42806sxdyuh0z5mlfm5sgng6lw220q7kmm0c3fqt3ypvl,
Combot #198,erd1u88h2jshqmsnu5l89mglpmcsu3lrkvkg7plhnxd2du5nytc0laqqxx26sg,
Combot #197,erd1z563juvyfl7etnev8ua65vzhx65ln0rp0m783hq2m2wgdxx6z83s9t2cmv,
Combot #196,erd1aa8wrrerc7dl6v7jpc4jhuamp5swya2hxl86ly8x83llasc9cezq2mvq3w,
Combot #195,erd1xl8m4s53vtjdh67ttxhv0sulzf7ksu5zlqqernx72w4pu5xkhdfswy5gkd,
Combot #194,erd1mg3u5fm0d4rquxpr7hxt096507ze4j4xpngfuweynewc9cphgy8q4y972q,
Combot #193,erd1g058zeufm39jp6hklkt4sh0m7r9l2d7ad3e3cq5vycqf7w3utjlsz520hv,
Combot #192,erd1f4dw0ws0rv8kdwhm5s62ywchldr6l0l2gq36s7k7ky4cc0ya0saqnkpwtn,
Combot #191,erd1lkdwuhctxg3xnmp2wps5sm3e5024jpg8n0umak4zhu3fu2kzv9as9nsj0w,
Combot #190,erd19c2zu5jgfpxlxjzmr9mwsk7v80as44e3q8ywyvu3nhlhm935jpgs7eeffy,
Combot #189,erd1mdp73tp9aq00z42806sxdyuh0z5mlfm5sgng6lw220q7kmm0c3fqt3ypvl,
Combot #188,erd1f4dw0ws0rv8kdwhm5s62ywchldr6l0l2gq36s7k7ky4cc0ya0saqnkpwtn,
Combot #187,erd1qqqqqqqqqqqqqpgq6wegs2xkypfpync8mn2sa5cmpqjlvrhwz5nqgepyg8,
Combot #186,erd18cesq9rs8dxf9h2zh9qp0myycf5739mlynfur47grmt6puy3eteqtka6xa,
Combot #185,erd1yr4ynrnd09zx3ngyzazvsrv6aguecklffa4ulge4cnwx4ljf63jqcpv2t2,
Combot #184,erd1wntft3qs5f0zysvhfakdf9tz4hcl9526urh79call8l2y8vx8afqkpmyse,
Combot #183,erd1w8j0meqp0dxuk67me72hrhdtarx9u3kmwxtjvncp89s720wqvl8sj7lfmd,
Combot #182,erd1k4umqhapvve4d30nv3p7u4dxcyjmzdnly4thkvx7xn82mzufcjqq76vlqm,
Combot #181,erd1nck3v0qp4phgpra8sa0wx7xg333dktarx8hne089ndaxaf3zks2ql0xqa2,
Combot #180,erd1mg3u5fm0d4rquxpr7hxt096507ze4j4xpngfuweynewc9cphgy8q4y972q,
Combot #179,erd1gtzm2pfszxh572a7mmphdrhdag84saasvv27etmlqpagxutg60ps0yezqx,
Combot #178,erd1gtzm2pfszxh572a7mmphdrhdag84saasvv27etmlqpagxutg60ps0yezqx,
Combot #177,erd1k4umqhapvve4d30nv3p7u4dxcyjmzdnly4thkvx7xn82mzufcjqq76vlqm,
Combot #176,erd1lt6jezu7v6g758j3nyk8urmk32c2ykhytf6y7dcuqw2hyyu5j2qsnuk4n7,
Combot #175,erd1xl8m4s53vtjdh67ttxhv0sulzf7ksu5zlqqernx72w4pu5xkhdfswy5gkd,
Combot #174,erd1mdp73tp9aq00z42806sxdyuh0z5mlfm5sgng6lw220q7kmm0c3fqt3ypvl,
Combot #173,erd1xl8m4s53vtjdh67ttxhv0sulzf7ksu5zlqqernx72w4pu5xkhdfswy5gkd,
Combot #172,erd1gtzm2pfszxh572a7mmphdrhdag84saasvv27etmlqpagxutg60ps0yezqx,
Combot #171,erd1lt6jezu7v6g758j3nyk8urmk32c2ykhytf6y7dcuqw2hyyu5j2qsnuk4n7,
Combot #170,erd1mdp73tp9aq00z42806sxdyuh0z5mlfm5sgng6lw220q7kmm0c3fqt3ypvl,
Combot #169,erd1x3nqzfwu88hljtw4px6c6txykmcddpg86e4cwaqjxel6zwn52gcq29ffht,
Combot #168,erd1yr4ynrnd09zx3ngyzazvsrv6aguecklffa4ulge4cnwx4ljf63jqcpv2t2,
Combot #167,erd1f4dw0ws0rv8kdwhm5s62ywchldr6l0l2gq36s7k7ky4cc0ya0saqnkpwtn,
Combot #166,erd1nrqw78ap9azgyhejwpcwvmapj9dcxc5esud47qhtf03p9m4sa3lqrkrz5g,
Combot #165,erd1ctm4jnvl4hva6kxn3wj8wg2rpw8sml4xugwkl0jk7dvddhrqsnzqnvh4pr,
Combot #164,erd1lt6jezu7v6g758j3nyk8urmk32c2ykhytf6y7dcuqw2hyyu5j2qsnuk4n7,
Combot #163,erd1f4dw0ws0rv8kdwhm5s62ywchldr6l0l2gq36s7k7ky4cc0ya0saqnkpwtn,
Combot #162,erd1w8j0meqp0dxuk67me72hrhdtarx9u3kmwxtjvncp89s720wqvl8sj7lfmd,
Combot #161,erd1gtzm2pfszxh572a7mmphdrhdag84saasvv27etmlqpagxutg60ps0yezqx,
Combot #160,erd1k4umqhapvve4d30nv3p7u4dxcyjmzdnly4thkvx7xn82mzufcjqq76vlqm,
Combot #159,erd1wntft3qs5f0zysvhfakdf9tz4hcl9526urh79call8l2y8vx8afqkpmyse,
Combot #158,erd1lt6jezu7v6g758j3nyk8urmk32c2ykhytf6y7dcuqw2hyyu5j2qsnuk4n7,
Combot #157,erd1k4umqhapvve4d30nv3p7u4dxcyjmzdnly4thkvx7xn82mzufcjqq76vlqm,
Combot #156,erd1gtzm2pfszxh572a7mmphdrhdag84saasvv27etmlqpagxutg60ps0yezqx,
Combot #155,erd14jm6swhn9lu4m9634hkvgdhtq4vyaf0dutk9w47ma06vk3yh7t2s9c4ng5,
Combot #154,erd1z563juvyfl7etnev8ua65vzhx65ln0rp0m783hq2m2wgdxx6z83s9t2cmv,
Combot #153,erd1xl8m4s53vtjdh67ttxhv0sulzf7ksu5zlqqernx72w4pu5xkhdfswy5gkd,
Combot #152,erd1k4umqhapvve4d30nv3p7u4dxcyjmzdnly4thkvx7xn82mzufcjqq76vlqm,
Combot #151,erd1k4umqhapvve4d30nv3p7u4dxcyjmzdnly4thkvx7xn82mzufcjqq76vlqm,
Combot #150,erd1lt6jezu7v6g758j3nyk8urmk32c2ykhytf6y7dcuqw2hyyu5j2qsnuk4n7,
Combot #149,erd1u88h2jshqmsnu5l89mglpmcsu3lrkvkg7plhnxd2du5nytc0laqqxx26sg,
Combot #148,erd1k4umqhapvve4d30nv3p7u4dxcyjmzdnly4thkvx7xn82mzufcjqq76vlqm,
Combot #147,erd1k4umqhapvve4d30nv3p7u4dxcyjmzdnly4thkvx7xn82mzufcjqq76vlqm,
Combot #146,erd1wm9pf2s8803ytfe5adkcu26y4y9n7ptzm6n6mv8auryu4zpuvxwsa7r0qw,
Combot #145,erd1mg3u5fm0d4rquxpr7hxt096507ze4j4xpngfuweynewc9cphgy8q4y972q,
Combot #144,erd1wntft3qs5f0zysvhfakdf9tz4hcl9526urh79call8l2y8vx8afqkpmyse,
Combot #143,erd159mypt4myss3mqrs89ft0hjeacffks2690gq9u3mlh73m9sh0w5s09eqhh,
Combot #142,erd14jm6swhn9lu4m9634hkvgdhtq4vyaf0dutk9w47ma06vk3yh7t2s9c4ng5,
Combot #141,erd1k4umqhapvve4d30nv3p7u4dxcyjmzdnly4thkvx7xn82mzufcjqq76vlqm,
Combot #140,erd1f2tag0gugcqpshvc9jekughv60ua9nyav2jyqx0cherzjl7svs0s2dl692,
Combot #139,erd1x3nqzfwu88hljtw4px6c6txykmcddpg86e4cwaqjxel6zwn52gcq29ffht,
Combot #138,erd1w8j0meqp0dxuk67me72hrhdtarx9u3kmwxtjvncp89s720wqvl8sj7lfmd,
Combot #137,erd1gtzm2pfszxh572a7mmphdrhdag84saasvv27etmlqpagxutg60ps0yezqx,
Combot #136,erd1nrqw78ap9azgyhejwpcwvmapj9dcxc5esud47qhtf03p9m4sa3lqrkrz5g,
Combot #135,erd1mg3u5fm0d4rquxpr7hxt096507ze4j4xpngfuweynewc9cphgy8q4y972q,
Combot #134,erd19rx7hahlau4f8lu25p5hlzhpatdm8td7ct8dmsxdra0q0mn65q4qjn936l,
Combot #133,erd1nrqw78ap9azgyhejwpcwvmapj9dcxc5esud47qhtf03p9m4sa3lqrkrz5g,
Combot #132,erd19rx7hahlau4f8lu25p5hlzhpatdm8td7ct8dmsxdra0q0mn65q4qjn936l,
Combot #131,erd1j7p5ug6xd74ggv9mej8ezak30ulyqpzxjfk4axnw09qstpural5s4l5lx9,
Combot #130,erd1h272kcj42gx3ljtqe2eu7rejxv7j2cevr4pktz3yjdm6pdtngmjspysj9k,
Combot #129,erd1f4dw0ws0rv8kdwhm5s62ywchldr6l0l2gq36s7k7ky4cc0ya0saqnkpwtn,
Combot #128,erd1hmhmv56utql5gfn5wgvy0glyvegpkzcrpcgfg7dm2p4nneg877sske2czj,
Combot #127,erd1yr4ynrnd09zx3ngyzazvsrv6aguecklffa4ulge4cnwx4ljf63jqcpv2t2,
Combot #126,erd1aa8wrrerc7dl6v7jpc4jhuamp5swya2hxl86ly8x83llasc9cezq2mvq3w,
Combot #125,erd1ajdwv3kexfzf8c49h6gnttgtju7jz2p6efrsvf9eg3rcgk8z9sssuncmdz,
Combot #124,erd1uvn7nvq485aythttfk4yw782shqey68tak37ksdf8p2ta7v7sqes0k354r,
Combot #123,erd1w8j0meqp0dxuk67me72hrhdtarx9u3kmwxtjvncp89s720wqvl8sj7lfmd,
Combot #122,erd1w8j0meqp0dxuk67me72hrhdtarx9u3kmwxtjvncp89s720wqvl8sj7lfmd,
Combot #121,erd1mmsfpnyfngtmahdfwh7nhxzfda358fsds80wazmvku5mwx8zg99spxd6t2,
Combot #120,erd1w8j0meqp0dxuk67me72hrhdtarx9u3kmwxtjvncp89s720wqvl8sj7lfmd,
Combot #119,erd1mg3u5fm0d4rquxpr7hxt096507ze4j4xpngfuweynewc9cphgy8q4y972q,
Combot #118,erd1aa8wrrerc7dl6v7jpc4jhuamp5swya2hxl86ly8x83llasc9cezq2mvq3w,
Combot #117,erd14xuxddjf3f2jcp5x8dv334d0dls6tqamjj8u0q7xpfhza9s5j9uqhrx8z9,
Combot #116,erd1mdp73tp9aq00z42806sxdyuh0z5mlfm5sgng6lw220q7kmm0c3fqt3ypvl,
Combot #115,erd1k4umqhapvve4d30nv3p7u4dxcyjmzdnly4thkvx7xn82mzufcjqq76vlqm,
Combot #114,erd1z563juvyfl7etnev8ua65vzhx65ln0rp0m783hq2m2wgdxx6z83s9t2cmv,
Combot #113,erd1xl8m4s53vtjdh67ttxhv0sulzf7ksu5zlqqernx72w4pu5xkhdfswy5gkd,
Combot #112,erd1gtzm2pfszxh572a7mmphdrhdag84saasvv27etmlqpagxutg60ps0yezqx,
Combot #111,erd1nrqw78ap9azgyhejwpcwvmapj9dcxc5esud47qhtf03p9m4sa3lqrkrz5g,
Combot #110,erd1aa8wrrerc7dl6v7jpc4jhuamp5swya2hxl86ly8x83llasc9cezq2mvq3w,
Combot #109,erd1x2ahw3yka7ppl6vnva57jplq62f4jsxp24grtkzwxt3t77pntkpq687vyr,
Combot #108,erd1f4dw0ws0rv8kdwhm5s62ywchldr6l0l2gq36s7k7ky4cc0ya0saqnkpwtn,
Combot #107,erd1aa8wrrerc7dl6v7jpc4jhuamp5swya2hxl86ly8x83llasc9cezq2mvq3w,
Combot #106,erd1tyycyldmcckka6qyjdgpnl5huj6uqrala3fxt2ncv7s2csuvgmkqj9mmpa,
Combot #105,erd14dhg45peqmz6w38q969s8wy53f22fpahvkhcgfpcqlmnenc0na8quh92ju,
Combot #104,erd1djcd3pch6tenlk07gjl58phq7yup5eqvp3s7qqatwqsf76fkqc7q2na63g,
Combot #103,erd1mdp73tp9aq00z42806sxdyuh0z5mlfm5sgng6lw220q7kmm0c3fqt3ypvl,
Combot #102,erd1wntft3qs5f0zysvhfakdf9tz4hcl9526urh79call8l2y8vx8afqkpmyse,
Combot #101,erd1j7p5ug6xd74ggv9mej8ezak30ulyqpzxjfk4axnw09qstpural5s4l5lx9,
Combot #100,erd1qqqqqqqqqqqqqpgq6wegs2xkypfpync8mn2sa5cmpqjlvrhwz5nqgepyg8,
Combot #99,erd1qqqqqqqqqqqqqpgq6wegs2xkypfpync8mn2sa5cmpqjlvrhwz5nqgepyg8,
Combot #98,erd1w8j0meqp0dxuk67me72hrhdtarx9u3kmwxtjvncp89s720wqvl8sj7lfmd,
Combot #97,erd1lkdwuhctxg3xnmp2wps5sm3e5024jpg8n0umak4zhu3fu2kzv9as9nsj0w,
Combot #96,erd1gtzm2pfszxh572a7mmphdrhdag84saasvv27etmlqpagxutg60ps0yezqx,
Combot #95,erd1x3nqzfwu88hljtw4px6c6txykmcddpg86e4cwaqjxel6zwn52gcq29ffht,
Combot #94,erd1tyycyldmcckka6qyjdgpnl5huj6uqrala3fxt2ncv7s2csuvgmkqj9mmpa,
Combot #93,erd1gtzm2pfszxh572a7mmphdrhdag84saasvv27etmlqpagxutg60ps0yezqx,
Combot #92,erd1gtzm2pfszxh572a7mmphdrhdag84saasvv27etmlqpagxutg60ps0yezqx,
Combot #91,erd1lt6jezu7v6g758j3nyk8urmk32c2ykhytf6y7dcuqw2hyyu5j2qsnuk4n7,
Combot #90,erd1lt6jezu7v6g758j3nyk8urmk32c2ykhytf6y7dcuqw2hyyu5j2qsnuk4n7,
Combot #89,erd1np3wxmn6vl536xmahpvtcman7mljzg332xx8tpv8gq0k92pus69qhtnygl,
Combot #88,erd14xuxddjf3f2jcp5x8dv334d0dls6tqamjj8u0q7xpfhza9s5j9uqhrx8z9,
Combot #87,erd1gtzm2pfszxh572a7mmphdrhdag84saasvv27etmlqpagxutg60ps0yezqx,
Combot #86,erd1nrqw78ap9azgyhejwpcwvmapj9dcxc5esud47qhtf03p9m4sa3lqrkrz5g,
Combot #85,erd1lkdwuhctxg3xnmp2wps5sm3e5024jpg8n0umak4zhu3fu2kzv9as9nsj0w,
Combot #84,erd1f4dw0ws0rv8kdwhm5s62ywchldr6l0l2gq36s7k7ky4cc0ya0saqnkpwtn,
Combot #83,erd1xl8m4s53vtjdh67ttxhv0sulzf7ksu5zlqqernx72w4pu5xkhdfswy5gkd,
Combot #82,erd1k4umqhapvve4d30nv3p7u4dxcyjmzdnly4thkvx7xn82mzufcjqq76vlqm,
Combot #81,erd1x3nqzfwu88hljtw4px6c6txykmcddpg86e4cwaqjxel6zwn52gcq29ffht,
Combot #80,erd1mg3u5fm0d4rquxpr7hxt096507ze4j4xpngfuweynewc9cphgy8q4y972q,
Combot #79,erd1mdp73tp9aq00z42806sxdyuh0z5mlfm5sgng6lw220q7kmm0c3fqt3ypvl,
Combot #78,erd1lkdwuhctxg3xnmp2wps5sm3e5024jpg8n0umak4zhu3fu2kzv9as9nsj0w,
Combot #77,erd19rx7hahlau4f8lu25p5hlzhpatdm8td7ct8dmsxdra0q0mn65q4qjn936l,
Combot #76,erd14jm6swhn9lu4m9634hkvgdhtq4vyaf0dutk9w47ma06vk3yh7t2s9c4ng5,
Combot #75,erd1gtzm2pfszxh572a7mmphdrhdag84saasvv27etmlqpagxutg60ps0yezqx,
Combot #74,erd1azydwvvwd8hwsld4a737ldvnkmxjugxemsxcd8us7swql04une7sfhh57k,
Combot #73,erd1ly2ztms3f0dr90z32cwzzhxgdfzjg9k5g3m3yzt4mvmt6aegxrdsa7rru3,
Combot #72,erd1c7ag50xxcsrw5vtpjgx8d5a957rnck5xdrvr9ah8wgr7j4nv083s8kq3nj,
Combot #71,erd1mg3u5fm0d4rquxpr7hxt096507ze4j4xpngfuweynewc9cphgy8q4y972q,
Combot #70,erd1ne6jp45m2k2qdvdjufj97fz8xgsndgesl6ce0fykyzsq9uflz3gq05x989,
Combot #69,erd1gtzm2pfszxh572a7mmphdrhdag84saasvv27etmlqpagxutg60ps0yezqx,
Combot #68,erd1mg3u5fm0d4rquxpr7hxt096507ze4j4xpngfuweynewc9cphgy8q4y972q,
Combot #67,erd1k4umqhapvve4d30nv3p7u4dxcyjmzdnly4thkvx7xn82mzufcjqq76vlqm,
Combot #66,erd1qqqqqqqqqqqqqpgq6wegs2xkypfpync8mn2sa5cmpqjlvrhwz5nqgepyg8,
Combot #65,erd1f4dw0ws0rv8kdwhm5s62ywchldr6l0l2gq36s7k7ky4cc0ya0saqnkpwtn,
Combot #64,erd1yr4ynrnd09zx3ngyzazvsrv6aguecklffa4ulge4cnwx4ljf63jqcpv2t2,
Combot #63,erd14xuxddjf3f2jcp5x8dv334d0dls6tqamjj8u0q7xpfhza9s5j9uqhrx8z9,
Combot #62,erd1vyts9yz6tgrs8htn4fs48cdla57lwfuraj454xkmc6yu0c4x6yss88n3tl,
Combot #61,erd14dhg45peqmz6w38q969s8wy53f22fpahvkhcgfpcqlmnenc0na8quh92ju,
Combot #60,erd1q4cywc9nmfapprvuqhwy9nsdg9m52dgqg8xph927g8uw4qzej93qknpafl,
Combot #59,erd1uvuphpyjz3y2cdk5e6rs2tllvzsaxqy2leyl6fx3s70erh8rl5tsdkmegg,
Combot #58,erd1x2ahw3yka7ppl6vnva57jplq62f4jsxp24grtkzwxt3t77pntkpq687vyr,
Combot #57,erd1w8j0meqp0dxuk67me72hrhdtarx9u3kmwxtjvncp89s720wqvl8sj7lfmd,
Combot #56,erd1x2ahw3yka7ppl6vnva57jplq62f4jsxp24grtkzwxt3t77pntkpq687vyr,
Combot #55,erd1ne6jp45m2k2qdvdjufj97fz8xgsndgesl6ce0fykyzsq9uflz3gq05x989,
Combot #54,erd1nrqw78ap9azgyhejwpcwvmapj9dcxc5esud47qhtf03p9m4sa3lqrkrz5g,
Combot #53,erd1f48rayfnkqn48yjkm2macdgl7gpveq2359jayuez6fm2rc2ppekqwx9r4z,
Combot #52,erd1f4dw0ws0rv8kdwhm5s62ywchldr6l0l2gq36s7k7ky4cc0ya0saqnkpwtn,
Combot #51,erd1x2ahw3yka7ppl6vnva57jplq62f4jsxp24grtkzwxt3t77pntkpq687vyr,
Combot #50,erd1c7ag50xxcsrw5vtpjgx8d5a957rnck5xdrvr9ah8wgr7j4nv083s8kq3nj,
Combot #49,erd1z563juvyfl7etnev8ua65vzhx65ln0rp0m783hq2m2wgdxx6z83s9t2cmv,
Combot #48,erd1np3wxmn6vl536xmahpvtcman7mljzg332xx8tpv8gq0k92pus69qhtnygl,
Combot #47,erd1c7ag50xxcsrw5vtpjgx8d5a957rnck5xdrvr9ah8wgr7j4nv083s8kq3nj,
Combot #46,erd1mdp73tp9aq00z42806sxdyuh0z5mlfm5sgng6lw220q7kmm0c3fqt3ypvl,
Combot #45,erd1gtzm2pfszxh572a7mmphdrhdag84saasvv27etmlqpagxutg60ps0yezqx,
Combot #44,erd18cesq9rs8dxf9h2zh9qp0myycf5739mlynfur47grmt6puy3eteqtka6xa,
Combot #43,erd1yr4ynrnd09zx3ngyzazvsrv6aguecklffa4ulge4cnwx4ljf63jqcpv2t2,
Combot #42,erd1wntft3qs5f0zysvhfakdf9tz4hcl9526urh79call8l2y8vx8afqkpmyse,
Combot #41,erd1qqqqqqqqqqqqqpgq6wegs2xkypfpync8mn2sa5cmpqjlvrhwz5nqgepyg8,
Combot #40,erd1xl8m4s53vtjdh67ttxhv0sulzf7ksu5zlqqernx72w4pu5xkhdfswy5gkd,
Combot #39,erd1gtzm2pfszxh572a7mmphdrhdag84saasvv27etmlqpagxutg60ps0yezqx,
Combot #38,erd1yr4ynrnd09zx3ngyzazvsrv6aguecklffa4ulge4cnwx4ljf63jqcpv2t2,
Combot #37,erd1x3nqzfwu88hljtw4px6c6txykmcddpg86e4cwaqjxel6zwn52gcq29ffht,
Combot #36,erd1vyts9yz6tgrs8htn4fs48cdla57lwfuraj454xkmc6yu0c4x6yss88n3tl,
Combot #35,erd1mdp73tp9aq00z42806sxdyuh0z5mlfm5sgng6lw220q7kmm0c3fqt3ypvl,
Combot #34,erd1770jpvxsdctegqf45gzct0vljlxezu4jmdsjr922afxdkhrz25gqv9qcsw,
Combot #33,erd1mg3u5fm0d4rquxpr7hxt096507ze4j4xpngfuweynewc9cphgy8q4y972q,
Combot #32,erd1mdp73tp9aq00z42806sxdyuh0z5mlfm5sgng6lw220q7kmm0c3fqt3ypvl,
Combot #31,erd159mypt4myss3mqrs89ft0hjeacffks2690gq9u3mlh73m9sh0w5s09eqhh,
Combot #30,erd1f4dw0ws0rv8kdwhm5s62ywchldr6l0l2gq36s7k7ky4cc0ya0saqnkpwtn,
Combot #29,erd1mg3u5fm0d4rquxpr7hxt096507ze4j4xpngfuweynewc9cphgy8q4y972q,
Combot #28,erd1tyycyldmcckka6qyjdgpnl5huj6uqrala3fxt2ncv7s2csuvgmkqj9mmpa,
Combot #27,erd1mdp73tp9aq00z42806sxdyuh0z5mlfm5sgng6lw220q7kmm0c3fqt3ypvl,
Combot #26,erd1wntft3qs5f0zysvhfakdf9tz4hcl9526urh79call8l2y8vx8afqkpmyse,
Combot #25,erd1fm3wf477ydnzr38j2ef7h74dx6y0rm5cxn5qmewh65jwjhzja74svuwzaj,
Combot #24,erd1xl8m4s53vtjdh67ttxhv0sulzf7ksu5zlqqernx72w4pu5xkhdfswy5gkd,
Combot #23,erd16cg0p6rk2duzg60mwlac8j8qs26qvaxf72h5a57qse29g97z8edqkk9s3t,
Combot #22,erd173pgmrpt3vxmev0spfjmunw85jra5fysr2v0740k3tke37ywa2vqqu39tw,
Combot #21,erd1gtzm2pfszxh572a7mmphdrhdag84saasvv27etmlqpagxutg60ps0yezqx,
Combot #20,erd1gtzm2pfszxh572a7mmphdrhdag84saasvv27etmlqpagxutg60ps0yezqx,
Combot #19,erd1mdp73tp9aq00z42806sxdyuh0z5mlfm5sgng6lw220q7kmm0c3fqt3ypvl,
Combot #18,erd1lkdwuhctxg3xnmp2wps5sm3e5024jpg8n0umak4zhu3fu2kzv9as9nsj0w,
Combot #17,erd1qqqqqqqqqqqqqpgq6wegs2xkypfpync8mn2sa5cmpqjlvrhwz5nqgepyg8,
Combot #16,erd1wntft3qs5f0zysvhfakdf9tz4hcl9526urh79call8l2y8vx8afqkpmyse,
Combot #15,erd1qqqqqqqqqqqqqpgq6wegs2xkypfpync8mn2sa5cmpqjlvrhwz5nqgepyg8,
Combot #14,erd1vm0g9f78l7ag6xrxql0nnq8jupnjhsjugxsxgk327h6la37gxp0q9kxpy6,
Combot #13,erd1gtzm2pfszxh572a7mmphdrhdag84saasvv27etmlqpagxutg60ps0yezqx,
Combot #12,erd1w8j0meqp0dxuk67me72hrhdtarx9u3kmwxtjvncp89s720wqvl8sj7lfmd,
Combot #11,erd1np3wxmn6vl536xmahpvtcman7mljzg332xx8tpv8gq0k92pus69qhtnygl,
Combot #10,erd1ne6jp45m2k2qdvdjufj97fz8xgsndgesl6ce0fykyzsq9uflz3gq05x989,
Combot #9,erd1f4dw0ws0rv8kdwhm5s62ywchldr6l0l2gq36s7k7ky4cc0ya0saqnkpwtn,
Combot #8,erd1qqqqqqqqqqqqqpgq6wegs2xkypfpync8mn2sa5cmpqjlvrhwz5nqgepyg8,
Combot #7,erd1gtzm2pfszxh572a7mmphdrhdag84saasvv27etmlqpagxutg60ps0yezqx,
Combot #6,erd12g6qle82zezwuqy5rc676slnnfp0jnu4hrzuzhghl5daypprszjqkkan5s,
Combot #5,erd18cesq9rs8dxf9h2zh9qp0myycf5739mlynfur47grmt6puy3eteqtka6xa,
Combot #4,erd1gtzm2pfszxh572a7mmphdrhdag84saasvv27etmlqpagxutg60ps0yezqx,
Combot #3,erd1djaulckxkuqlkcxyx7w90ht23hggkkmf8ttnm93atekn5glhsvmqpns58y,
Combot #2,erd1gtzm2pfszxh572a7mmphdrhdag84saasvv27etmlqpagxutg60ps0yezqx,
Combot #1,erd13s5dy0dnv9qyu0h3gahr3vytsej2nnmggzfcq3heujffhtjv3muq5h2s37,
