identifier,edition,rank
COMBEYS-bc640d-51,57,0
COMBEYS-bc640d-1d,3,0
COMBEYS-bc640d-81,1055,0
COMBEYS-bc640d-2b,17,1557
COMBEYS-bc640d-0333,801,1556
COMBEYS-bc640d-0338,806,1555
COMBEYS-bc640d-044b,1085,1554
COMBEYS-bc640d-028e,635,1553
COMBEYS-bc640d-29,15,1552
COMBEYS-bc640d-022d,536,1551
COMBEYS-bc640d-0373,866,1550
COMBEYS-bc640d-f8,220,1549
COMBEYS-bc640d-0218,513,1548
COMBEYS-bc640d-f5,217,1547
COMBEYS-bc640d-017f,356,1546
COMBEYS-bc640d-0155,313,1545
COMBEYS-bc640d-d8,187,1544
COMBEYS-bc640d-031e,780,1543
COMBEYS-bc640d-0142,294,1542
COMBEYS-bc640d-ad,144,1541
COMBEYS-bc640d-0175,345,1540
COMBEYS-bc640d-02d6,707,1539
COMBEYS-bc640d-0548,1340,1538
COMBEYS-bc640d-060b,1537,1537
COMBEYS-bc640d-5b,70,1536
COMBEYS-bc640d-50,56,1535
COMBEYS-bc640d-05a7,1436,1534
COMBEYS-bc640d-04f7,1259,1533
COMBEYS-bc640d-0403,1012,1532
COMBEYS-bc640d-0327,789,1531
COMBEYS-bc640d-025b,582,1530
COMBEYS-bc640d-011a,254,1529
COMBEYS-bc640d-0383,882,1528
COMBEYS-bc640d-050d,1281,1527
COMBEYS-bc640d-01f0,472,1526
COMBEYS-bc640d-f0,212,1525
COMBEYS-bc640d-0292,639,1524
COMBEYS-bc640d-02ce,699,1523
COMBEYS-bc640d-01cf,439,1522
COMBEYS-bc640d-0297,644,1521
COMBEYS-bc640d-0389,888,1520
COMBEYS-bc640d-49,49,1519
COMBEYS-bc640d-0324,786,1518
COMBEYS-bc640d-0121,261,1517
COMBEYS-bc640d-0476,1128,1516
COMBEYS-bc640d-21,7,1515
COMBEYS-bc640d-02eb,728,1514
COMBEYS-bc640d-02a5,658,1513
COMBEYS-bc640d-0211,505,1512
COMBEYS-bc640d-0208,496,1511
COMBEYS-bc640d-049b,1165,1510
COMBEYS-bc640d-05ce,1475,1509
COMBEYS-bc640d-76,98,1508
COMBEYS-bc640d-03ab,922,1507
COMBEYS-bc640d-030f,764,1506
COMBEYS-bc640d-03e5,981,1505
COMBEYS-bc640d-0210,504,1504
COMBEYS-bc640d-73,95,1503
COMBEYS-bc640d-0282,623,1502
COMBEYS-bc640d-05c2,1463,1501
COMBEYS-bc640d-02d4,705,1500
COMBEYS-bc640d-04b6,1192,1499
COMBEYS-bc640d-0603,1529,1498
COMBEYS-bc640d-0262,589,1497
COMBEYS-bc640d-0168,332,1496
COMBEYS-bc640d-0199,383,1495
COMBEYS-bc640d-03bd,941,1494
COMBEYS-bc640d-031c,778,1493
COMBEYS-bc640d-02c7,692,1492
COMBEYS-bc640d-057b,1392,1491
COMBEYS-bc640d-038c,891,1490
COMBEYS-bc640d-67,83,1489
COMBEYS-bc640d-053c,1328,1488
COMBEYS-bc640d-042d,1054,1487
COMBEYS-bc640d-0248,563,1486
COMBEYS-bc640d-049a,1164,1485
COMBEYS-bc640d-04e1,1236,1484
COMBEYS-bc640d-043d,1071,1483
COMBEYS-bc640d-010e,242,1482
COMBEYS-bc640d-011d,257,1481
COMBEYS-bc640d-3c,35,1480
COMBEYS-bc640d-03e4,980,1479
COMBEYS-bc640d-05f7,1517,1478
COMBEYS-bc640d-03ea,986,1477
COMBEYS-bc640d-0347,821,1476
COMBEYS-bc640d-b8,155,1475
COMBEYS-bc640d-85,104,1474
COMBEYS-bc640d-053a,1326,1473
COMBEYS-bc640d-036d,860,1472
COMBEYS-bc640d-03b0,927,1471
COMBEYS-bc640d-055c,1360,1470
COMBEYS-bc640d-0492,1156,1469
COMBEYS-bc640d-02fe,747,1468
COMBEYS-bc640d-ee,210,1467
COMBEYS-bc640d-03ff,1008,1466
COMBEYS-bc640d-0214,509,1465
COMBEYS-bc640d-0479,1131,1464
COMBEYS-bc640d-0313,768,1463
COMBEYS-bc640d-01f5,477,1462
COMBEYS-bc640d-df,195,1461
COMBEYS-bc640d-f1,213,1460
COMBEYS-bc640d-0269,597,1459
COMBEYS-bc640d-6f,91,1458
COMBEYS-bc640d-0402,1011,1457
COMBEYS-bc640d-01d6,446,1456
COMBEYS-bc640d-02c0,685,1455
COMBEYS-bc640d-0174,344,1454
COMBEYS-bc640d-0541,1333,1453
COMBEYS-bc640d-0417,1032,1452
COMBEYS-bc640d-0575,1386,1451
COMBEYS-bc640d-03dc,972,1450
COMBEYS-bc640d-044a,1084,1449
COMBEYS-bc640d-03da,970,1448
COMBEYS-bc640d-03c5,949,1447
COMBEYS-bc640d-020f,503,1446
COMBEYS-bc640d-010c,240,1445
COMBEYS-bc640d-89,108,1444
COMBEYS-bc640d-05bf,1460,1443
COMBEYS-bc640d-01a5,395,1442
COMBEYS-bc640d-0534,1320,1441
COMBEYS-bc640d-04c0,1202,1440
COMBEYS-bc640d-3d,36,1439
COMBEYS-bc640d-04cc,1214,1438
COMBEYS-bc640d-0272,607,1437
COMBEYS-bc640d-04e3,1238,1436
COMBEYS-bc640d-0599,1422,1435
COMBEYS-bc640d-f4,216,1434
COMBEYS-bc640d-038b,890,1433
COMBEYS-bc640d-0357,838,1432
COMBEYS-bc640d-05cc,1473,1431
COMBEYS-bc640d-91,116,1430
COMBEYS-bc640d-0598,1421,1429
COMBEYS-bc640d-05b6,1451,1428
COMBEYS-bc640d-02f2,735,1427
COMBEYS-bc640d-0217,512,1426
COMBEYS-bc640d-0223,524,1425
COMBEYS-bc640d-048b,1149,1424
COMBEYS-bc640d-01ac,402,1423
COMBEYS-bc640d-05ff,1525,1422
COMBEYS-bc640d-4b,51,1421
COMBEYS-bc640d-031b,777,1420
COMBEYS-bc640d-02f6,739,1419
COMBEYS-bc640d-017d,354,1418
COMBEYS-bc640d-0339,807,1417
COMBEYS-bc640d-be,161,1416
COMBEYS-bc640d-0116,250,1415
COMBEYS-bc640d-0281,622,1414
COMBEYS-bc640d-0288,629,1413
COMBEYS-bc640d-019b,385,1412
COMBEYS-bc640d-87,106,1411
COMBEYS-bc640d-024a,565,1410
COMBEYS-bc640d-02a2,655,1409
COMBEYS-bc640d-04f0,1252,1408
COMBEYS-bc640d-0519,1293,1407
COMBEYS-bc640d-02ad,666,1406
COMBEYS-bc640d-0448,1082,1405
COMBEYS-bc640d-02fc,745,1404
COMBEYS-bc640d-03e7,983,1403
COMBEYS-bc640d-8c,111,1402
COMBEYS-bc640d-0315,770,1401
COMBEYS-bc640d-05c5,1466,1400
COMBEYS-bc640d-05c8,1469,1399
COMBEYS-bc640d-0413,1028,1398
COMBEYS-bc640d-05e7,1501,1397
COMBEYS-bc640d-05e0,1494,1396
COMBEYS-bc640d-0144,296,1395
COMBEYS-bc640d-0604,1530,1394
COMBEYS-bc640d-050a,1278,1393
COMBEYS-bc640d-93,118,1392
COMBEYS-bc640d-0449,1083,1391
COMBEYS-bc640d-042e,1056,1390
COMBEYS-bc640d-04c5,1207,1389
COMBEYS-bc640d-027b,616,1388
COMBEYS-bc640d-04ba,1196,1387
COMBEYS-bc640d-05fb,1521,1386
COMBEYS-bc640d-05db,1489,1385
COMBEYS-bc640d-029f,652,1384
COMBEYS-bc640d-045e,1104,1383
COMBEYS-bc640d-0558,1356,1382
COMBEYS-bc640d-01f1,473,1381
COMBEYS-bc640d-03f6,998,1380
COMBEYS-bc640d-0173,343,1379
COMBEYS-bc640d-0320,782,1378
COMBEYS-bc640d-026c,600,1377
COMBEYS-bc640d-0115,249,1376
COMBEYS-bc640d-05c3,1464,1375
COMBEYS-bc640d-0160,323,1374
COMBEYS-bc640d-054b,1343,1373
COMBEYS-bc640d-0610,1542,1372
COMBEYS-bc640d-040c,1021,1371
COMBEYS-bc640d-02de,715,1370
COMBEYS-bc640d-0124,264,1369
COMBEYS-bc640d-010b,239,1368
COMBEYS-bc640d-03d6,966,1367
COMBEYS-bc640d-05c6,1467,1366
COMBEYS-bc640d-fc,224,1365
COMBEYS-bc640d-0246,561,1364
COMBEYS-bc640d-02e5,722,1363
COMBEYS-bc640d-05d5,1482,1362
COMBEYS-bc640d-015d,320,1361
COMBEYS-bc640d-0409,1018,1360
COMBEYS-bc640d-c5,168,1359
COMBEYS-bc640d-05f1,1511,1358
COMBEYS-bc640d-04a1,1171,1357
COMBEYS-bc640d-017e,355,1356
COMBEYS-bc640d-02aa,663,1355
COMBEYS-bc640d-01f7,479,1354
COMBEYS-bc640d-026d,602,1353
COMBEYS-bc640d-0505,1273,1352
COMBEYS-bc640d-34,26,1351
COMBEYS-bc640d-0566,1370,1350
COMBEYS-bc640d-016b,335,1349
COMBEYS-bc640d-0589,1406,1348
COMBEYS-bc640d-03f3,995,1347
COMBEYS-bc640d-0316,771,1346
COMBEYS-bc640d-0477,1129,1345
COMBEYS-bc640d-02e7,724,1344
COMBEYS-bc640d-027d,618,1343
COMBEYS-bc640d-0540,1332,1342
COMBEYS-bc640d-40,39,1341
COMBEYS-bc640d-02cc,697,1340
COMBEYS-bc640d-02b5,674,1339
COMBEYS-bc640d-64,80,1338
COMBEYS-bc640d-029d,650,1337
COMBEYS-bc640d-05d8,1485,1336
COMBEYS-bc640d-012a,270,1335
COMBEYS-bc640d-b5,152,1334
COMBEYS-bc640d-b1,148,1333
COMBEYS-bc640d-ac,143,1332
COMBEYS-bc640d-01dd,453,1331
COMBEYS-bc640d-0106,234,1330
COMBEYS-bc640d-0517,1291,1329
COMBEYS-bc640d-a8,139,1328
COMBEYS-bc640d-0279,614,1327
COMBEYS-bc640d-0595,1418,1326
COMBEYS-bc640d-016c,336,1325
COMBEYS-bc640d-0309,758,1324
COMBEYS-bc640d-0154,312,1323
COMBEYS-bc640d-0157,315,1322
COMBEYS-bc640d-044f,1089,1321
COMBEYS-bc640d-0504,1272,1320
COMBEYS-bc640d-01de,454,1319
COMBEYS-bc640d-0486,1144,1318
COMBEYS-bc640d-0605,1531,1317
COMBEYS-bc640d-01b9,416,1316
COMBEYS-bc640d-0445,1079,1315
COMBEYS-bc640d-013a,286,1314
COMBEYS-bc640d-035d,844,1313
COMBEYS-bc640d-c3,166,1312
COMBEYS-bc640d-02f0,733,1311
COMBEYS-bc640d-0209,497,1310
COMBEYS-bc640d-02c2,687,1309
COMBEYS-bc640d-05a1,1430,1308
COMBEYS-bc640d-0330,798,1307
COMBEYS-bc640d-02c5,690,1306
COMBEYS-bc640d-05e1,1495,1305
COMBEYS-bc640d-04fd,1265,1304
COMBEYS-bc640d-0439,1067,1303
COMBEYS-bc640d-01fc,484,1302
COMBEYS-bc640d-71,93,1301
COMBEYS-bc640d-028c,633,1300
COMBEYS-bc640d-0182,359,1299
COMBEYS-bc640d-0145,297,1298
COMBEYS-bc640d-03de,974,1297
COMBEYS-bc640d-1b,2,1296
COMBEYS-bc640d-0382,881,1295
COMBEYS-bc640d-052b,1311,1294
COMBEYS-bc640d-e3,199,1293
COMBEYS-bc640d-05b4,1449,1292
COMBEYS-bc640d-0600,1526,1291
COMBEYS-bc640d-4f,55,1290
COMBEYS-bc640d-035a,841,1289
COMBEYS-bc640d-0276,611,1288
COMBEYS-bc640d-046c,1118,1287
COMBEYS-bc640d-042f,1057,1286
COMBEYS-bc640d-010d,241,1285
COMBEYS-bc640d-03b5,932,1284
COMBEYS-bc640d-0130,276,1283
COMBEYS-bc640d-41,40,1282
COMBEYS-bc640d-04af,1185,1281
COMBEYS-bc640d-039d,908,1280
COMBEYS-bc640d-02f1,734,1279
COMBEYS-bc640d-0132,278,1278
COMBEYS-bc640d-32,24,1277
COMBEYS-bc640d-65,81,1276
COMBEYS-bc640d-0162,325,1275
COMBEYS-bc640d-0381,880,1274
COMBEYS-bc640d-056a,1374,1273
COMBEYS-bc640d-03ac,923,1272
COMBEYS-bc640d-0399,904,1271
COMBEYS-bc640d-03b1,928,1270
COMBEYS-bc640d-ca,173,1269
COMBEYS-bc640d-4c,52,1268
COMBEYS-bc640d-84,103,1267
COMBEYS-bc640d-036f,862,1266
COMBEYS-bc640d-015c,319,1265
COMBEYS-bc640d-0363,850,1264
COMBEYS-bc640d-0225,526,1263
COMBEYS-bc640d-04e5,1240,1262
COMBEYS-bc640d-30,22,1261
COMBEYS-bc640d-051b,1295,1260
COMBEYS-bc640d-8b,110,1259
COMBEYS-bc640d-0178,348,1258
COMBEYS-bc640d-0179,350,1257
COMBEYS-bc640d-03ec,988,1256
COMBEYS-bc640d-03a4,915,1255
COMBEYS-bc640d-e6,202,1254
COMBEYS-bc640d-01bb,418,1253
COMBEYS-bc640d-0410,1025,1252
COMBEYS-bc640d-45,44,1251
COMBEYS-bc640d-0460,1106,1250
COMBEYS-bc640d-060e,1540,1249
COMBEYS-bc640d-0568,1372,1248
COMBEYS-bc640d-01d0,440,1247
COMBEYS-bc640d-05d2,1479,1246
COMBEYS-bc640d-57,65,1245
COMBEYS-bc640d-047f,1137,1244
COMBEYS-bc640d-02b3,672,1243
COMBEYS-bc640d-7d,59,1242
COMBEYS-bc640d-0187,364,1241
COMBEYS-bc640d-4e,54,1240
COMBEYS-bc640d-028f,636,1239
COMBEYS-bc640d-db,190,1238
COMBEYS-bc640d-0166,330,1237
COMBEYS-bc640d-025c,583,1236
COMBEYS-bc640d-a7,138,1235
COMBEYS-bc640d-0441,1075,1234
COMBEYS-bc640d-038e,893,1233
COMBEYS-bc640d-0588,1405,1232
COMBEYS-bc640d-52,58,1231
COMBEYS-bc640d-03bf,943,1230
COMBEYS-bc640d-021b,516,1229
COMBEYS-bc640d-0601,1527,1228
COMBEYS-bc640d-0167,331,1227
COMBEYS-bc640d-0152,310,1226
COMBEYS-bc640d-0379,872,1225
COMBEYS-bc640d-01cc,436,1224
COMBEYS-bc640d-03a5,916,1223
COMBEYS-bc640d-039b,906,1222
COMBEYS-bc640d-0108,236,1221
COMBEYS-bc640d-060a,1536,1220
COMBEYS-bc640d-01a4,394,1219
COMBEYS-bc640d-0397,902,1218
COMBEYS-bc640d-01bd,420,1217
COMBEYS-bc640d-0583,1400,1216
COMBEYS-bc640d-0296,643,1215
COMBEYS-bc640d-23,9,1214
COMBEYS-bc640d-0462,1108,1213
COMBEYS-bc640d-0470,1122,1212
COMBEYS-bc640d-04be,1200,1211
COMBEYS-bc640d-048f,1153,1210
COMBEYS-bc640d-01da,450,1209
COMBEYS-bc640d-62,78,1208
COMBEYS-bc640d-0444,1078,1207
COMBEYS-bc640d-026b,599,1206
COMBEYS-bc640d-034e,829,1205
COMBEYS-bc640d-01c3,427,1204
COMBEYS-bc640d-0147,299,1203
COMBEYS-bc640d-0478,1130,1202
COMBEYS-bc640d-5a,68,1201
COMBEYS-bc640d-018f,372,1200
COMBEYS-bc640d-99,124,1199
COMBEYS-bc640d-05ed,1507,1198
COMBEYS-bc640d-03a2,913,1197
COMBEYS-bc640d-016f,339,1196
COMBEYS-bc640d-04d5,1224,1195
COMBEYS-bc640d-0529,1309,1194
COMBEYS-bc640d-33,25,1193
COMBEYS-bc640d-0401,1010,1192
COMBEYS-bc640d-0360,847,1191
COMBEYS-bc640d-e2,198,1190
COMBEYS-bc640d-054a,1342,1189
COMBEYS-bc640d-0407,1016,1188
COMBEYS-bc640d-0561,1365,1187
COMBEYS-bc640d-03aa,921,1186
COMBEYS-bc640d-02c9,694,1185
COMBEYS-bc640d-03ad,924,1184
COMBEYS-bc640d-04ed,1249,1183
COMBEYS-bc640d-05dc,1490,1182
COMBEYS-bc640d-0185,362,1181
COMBEYS-bc640d-92,117,1180
COMBEYS-bc640d-031f,781,1179
COMBEYS-bc640d-02ca,695,1178
COMBEYS-bc640d-04ce,1216,1177
COMBEYS-bc640d-79,101,1176
COMBEYS-bc640d-0580,1397,1175
COMBEYS-bc640d-ef,211,1174
COMBEYS-bc640d-02c1,686,1173
COMBEYS-bc640d-01fe,486,1172
COMBEYS-bc640d-0608,1534,1171
COMBEYS-bc640d-018a,367,1170
COMBEYS-bc640d-cf,178,1169
COMBEYS-bc640d-04c1,1203,1168
COMBEYS-bc640d-035e,845,1167
COMBEYS-bc640d-0202,490,1166
COMBEYS-bc640d-01b4,410,1165
COMBEYS-bc640d-0278,613,1164
COMBEYS-bc640d-05d7,1484,1163
COMBEYS-bc640d-47,46,1162
COMBEYS-bc640d-04cd,1215,1161
COMBEYS-bc640d-0572,1383,1160
COMBEYS-bc640d-ae,145,1159
COMBEYS-bc640d-04ca,1212,1158
COMBEYS-bc640d-0458,1098,1157
COMBEYS-bc640d-013f,291,1156
COMBEYS-bc640d-04ee,1250,1155
COMBEYS-bc640d-0544,1336,1154
COMBEYS-bc640d-03fa,1002,1153
COMBEYS-bc640d-021a,515,1152
COMBEYS-bc640d-049e,1168,1151
COMBEYS-bc640d-03d1,961,1150
COMBEYS-bc640d-05d1,1478,1149
COMBEYS-bc640d-0467,1113,1148
COMBEYS-bc640d-3f,38,1147
COMBEYS-bc640d-0613,1545,1146
COMBEYS-bc640d-0189,366,1145
COMBEYS-bc640d-01c1,424,1144
COMBEYS-bc640d-02a9,662,1143
COMBEYS-bc640d-0206,494,1142
COMBEYS-bc640d-04bb,1197,1141
COMBEYS-bc640d-0398,903,1140
COMBEYS-bc640d-0475,1127,1139
COMBEYS-bc640d-05cb,1472,1138
COMBEYS-bc640d-0506,1274,1137
COMBEYS-bc640d-56,64,1136
COMBEYS-bc640d-0252,573,1135
COMBEYS-bc640d-03fc,1005,1134
COMBEYS-bc640d-54,62,1133
COMBEYS-bc640d-048e,1152,1132
COMBEYS-bc640d-ab,142,1131
COMBEYS-bc640d-0120,260,1130
COMBEYS-bc640d-0366,853,1129
COMBEYS-bc640d-0525,1305,1128
COMBEYS-bc640d-f9,221,1127
COMBEYS-bc640d-86,105,1126
COMBEYS-bc640d-04c3,1205,1125
COMBEYS-bc640d-04cb,1213,1124
COMBEYS-bc640d-75,97,1123
COMBEYS-bc640d-03c0,944,1122
COMBEYS-bc640d-ba,157,1121
COMBEYS-bc640d-4a,50,1120
COMBEYS-bc640d-045c,1102,1119
COMBEYS-bc640d-01cb,435,1118
COMBEYS-bc640d-0113,247,1117
COMBEYS-bc640d-02ed,730,1116
COMBEYS-bc640d-022c,535,1115
COMBEYS-bc640d-04f5,1257,1114
COMBEYS-bc640d-011c,256,1113
COMBEYS-bc640d-058c,1409,1112
COMBEYS-bc640d-05cf,1476,1111
COMBEYS-bc640d-03c4,948,1110
COMBEYS-bc640d-024d,568,1109
COMBEYS-bc640d-0370,863,1108
COMBEYS-bc640d-017b,352,1107
COMBEYS-bc640d-041c,1037,1106
COMBEYS-bc640d-0253,574,1105
COMBEYS-bc640d-031a,776,1104
COMBEYS-bc640d-02b6,675,1103
COMBEYS-bc640d-35,27,1102
COMBEYS-bc640d-0538,1324,1101
COMBEYS-bc640d-053d,1329,1100
COMBEYS-bc640d-01ca,434,1099
COMBEYS-bc640d-af,146,1098
COMBEYS-bc640d-0337,805,1097
COMBEYS-bc640d-74,96,1096
COMBEYS-bc640d-0191,374,1095
COMBEYS-bc640d-0512,1286,1094
COMBEYS-bc640d-0390,895,1093
COMBEYS-bc640d-04d1,1219,1092
COMBEYS-bc640d-0266,593,1091
COMBEYS-bc640d-044d,1087,1090
COMBEYS-bc640d-03f4,996,1089
COMBEYS-bc640d-02ea,727,1088
COMBEYS-bc640d-0228,530,1087
COMBEYS-bc640d-044e,1088,1086
COMBEYS-bc640d-02b4,673,1085
COMBEYS-bc640d-0277,612,1084
COMBEYS-bc640d-0612,1544,1083
COMBEYS-bc640d-01e3,459,1082
COMBEYS-bc640d-057f,1396,1081
COMBEYS-bc640d-03c3,947,1080
COMBEYS-bc640d-04d6,1225,1079
COMBEYS-bc640d-013c,288,1078
COMBEYS-bc640d-0539,1325,1077
COMBEYS-bc640d-02ba,679,1076
COMBEYS-bc640d-03eb,987,1075
COMBEYS-bc640d-0290,637,1074
COMBEYS-bc640d-04bc,1198,1073
COMBEYS-bc640d-8f,114,1072
COMBEYS-bc640d-042a,1051,1071
COMBEYS-bc640d-a3,134,1070
COMBEYS-bc640d-42,41,1069
COMBEYS-bc640d-0172,342,1068
COMBEYS-bc640d-0317,772,1067
COMBEYS-bc640d-059a,1423,1066
COMBEYS-bc640d-0524,1304,1065
COMBEYS-bc640d-02fb,744,1064
COMBEYS-bc640d-03b2,929,1063
COMBEYS-bc640d-02df,716,1062
COMBEYS-bc640d-0508,1276,1061
COMBEYS-bc640d-0301,750,1060
COMBEYS-bc640d-04cf,1217,1059
COMBEYS-bc640d-04dd,1232,1058
COMBEYS-bc640d-036c,859,1057
COMBEYS-bc640d-0100,228,1056
COMBEYS-bc640d-04fb,1263,1055
COMBEYS-bc640d-04c9,1211,1054
COMBEYS-bc640d-0151,309,1053
COMBEYS-bc640d-0565,1369,1052
COMBEYS-bc640d-02e6,723,1051
COMBEYS-bc640d-019e,388,1050
COMBEYS-bc640d-0355,836,1049
COMBEYS-bc640d-0587,1404,1048
COMBEYS-bc640d-0415,1030,1047
COMBEYS-bc640d-01aa,400,1046
COMBEYS-bc640d-053e,1330,1045
COMBEYS-bc640d-0226,528,1044
COMBEYS-bc640d-0499,1163,1043
COMBEYS-bc640d-01b7,413,1042
COMBEYS-bc640d-05eb,1505,1041
COMBEYS-bc640d-c1,164,1040
COMBEYS-bc640d-03e0,976,1039
COMBEYS-bc640d-6c,88,1038
COMBEYS-bc640d-0585,1402,1037
COMBEYS-bc640d-0602,1528,1036
COMBEYS-bc640d-0233,542,1035
COMBEYS-bc640d-051f,1299,1034
COMBEYS-bc640d-02e2,719,1033
COMBEYS-bc640d-02d7,708,1032
COMBEYS-bc640d-05fa,1520,1031
COMBEYS-bc640d-01e5,461,1030
COMBEYS-bc640d-0446,1080,1029
COMBEYS-bc640d-04aa,1180,1028
COMBEYS-bc640d-0597,1420,1027
COMBEYS-bc640d-0393,898,1026
COMBEYS-bc640d-05f3,1513,1025
COMBEYS-bc640d-0256,577,1024
COMBEYS-bc640d-03b8,935,1023
COMBEYS-bc640d-04d3,1222,1022
COMBEYS-bc640d-0611,1543,1021
COMBEYS-bc640d-0311,766,1020
COMBEYS-bc640d-0493,1157,1019
COMBEYS-bc640d-0553,1351,1018
COMBEYS-bc640d-045f,1105,1017
COMBEYS-bc640d-021d,518,1016
COMBEYS-bc640d-02b9,678,1015
COMBEYS-bc640d-bb,158,1014
COMBEYS-bc640d-05de,1492,1013
COMBEYS-bc640d-0554,1352,1012
COMBEYS-bc640d-05be,1459,1011
COMBEYS-bc640d-0365,852,1010
COMBEYS-bc640d-02d9,710,1009
COMBEYS-bc640d-02b8,677,1008
COMBEYS-bc640d-05b5,1450,1007
COMBEYS-bc640d-0213,508,1006
COMBEYS-bc640d-b2,149,1005
COMBEYS-bc640d-02bb,680,1004
COMBEYS-bc640d-0435,1063,1003
COMBEYS-bc640d-049d,1167,1002
COMBEYS-bc640d-98,123,1001
COMBEYS-bc640d-0148,300,1000
COMBEYS-bc640d-04f1,1253,999
COMBEYS-bc640d-037b,874,998
COMBEYS-bc640d-7f,47,997
COMBEYS-bc640d-04f2,1254,996
COMBEYS-bc640d-05a4,1433,995
COMBEYS-bc640d-0203,491,994
COMBEYS-bc640d-0557,1355,993
COMBEYS-bc640d-d6,185,992
COMBEYS-bc640d-0235,544,991
COMBEYS-bc640d-9c,127,990
COMBEYS-bc640d-0274,609,989
COMBEYS-bc640d-02a3,656,988
COMBEYS-bc640d-04ea,1246,987
COMBEYS-bc640d-f3,215,986
COMBEYS-bc640d-02d3,704,985
COMBEYS-bc640d-046e,1120,984
COMBEYS-bc640d-d5,184,983
COMBEYS-bc640d-022a,532,982
COMBEYS-bc640d-da,189,981
COMBEYS-bc640d-016d,337,980
COMBEYS-bc640d-047e,1136,979
COMBEYS-bc640d-015e,321,978
COMBEYS-bc640d-01f3,475,977
COMBEYS-bc640d-0221,522,976
COMBEYS-bc640d-9d,128,975
COMBEYS-bc640d-01e7,463,974
COMBEYS-bc640d-0563,1367,973
COMBEYS-bc640d-04d2,1220,972
COMBEYS-bc640d-020e,502,971
COMBEYS-bc640d-28,14,970
COMBEYS-bc640d-034d,828,969
COMBEYS-bc640d-b9,156,968
COMBEYS-bc640d-0146,298,967
COMBEYS-bc640d-0289,630,966
COMBEYS-bc640d-04a3,1173,965
COMBEYS-bc640d-044c,1086,964
COMBEYS-bc640d-0107,235,963
COMBEYS-bc640d-027e,619,962
COMBEYS-bc640d-052f,1315,961
COMBEYS-bc640d-0314,769,960
COMBEYS-bc640d-02ae,667,959
COMBEYS-bc640d-012c,272,958
COMBEYS-bc640d-d9,188,957
COMBEYS-bc640d-02b7,676,956
COMBEYS-bc640d-0241,556,955
COMBEYS-bc640d-041e,1039,954
COMBEYS-bc640d-01fd,485,953
COMBEYS-bc640d-0552,1350,952
COMBEYS-bc640d-059b,1424,951
COMBEYS-bc640d-02e3,720,950
COMBEYS-bc640d-01eb,467,949
COMBEYS-bc640d-02f5,738,948
COMBEYS-bc640d-43,42,947
COMBEYS-bc640d-02ff,748,946
COMBEYS-bc640d-01cd,437,945
COMBEYS-bc640d-0186,363,944
COMBEYS-bc640d-03cf,959,943
COMBEYS-bc640d-056c,1377,942
COMBEYS-bc640d-04da,1229,941
COMBEYS-bc640d-c9,172,940
COMBEYS-bc640d-0264,591,939
COMBEYS-bc640d-02f8,741,938
COMBEYS-bc640d-0368,855,937
COMBEYS-bc640d-0578,1389,936
COMBEYS-bc640d-02f4,737,935
COMBEYS-bc640d-05e5,1499,934
COMBEYS-bc640d-0573,1384,933
COMBEYS-bc640d-0237,546,932
COMBEYS-bc640d-049f,1169,931
COMBEYS-bc640d-048d,1151,930
COMBEYS-bc640d-037d,876,929
COMBEYS-bc640d-042c,1053,928
COMBEYS-bc640d-03a8,919,927
COMBEYS-bc640d-01bf,422,926
COMBEYS-bc640d-0273,608,925
COMBEYS-bc640d-024e,569,924
COMBEYS-bc640d-0560,1364,923
COMBEYS-bc640d-02b1,670,922
COMBEYS-bc640d-0377,870,921
COMBEYS-bc640d-01bc,419,920
COMBEYS-bc640d-05c4,1465,919
COMBEYS-bc640d-04f6,1258,918
COMBEYS-bc640d-0438,1066,917
COMBEYS-bc640d-03d2,962,916
COMBEYS-bc640d-01d3,443,915
COMBEYS-bc640d-6e,90,914
COMBEYS-bc640d-0520,1300,913
COMBEYS-bc640d-0243,558,912
COMBEYS-bc640d-0510,1284,911
COMBEYS-bc640d-0421,1042,910
COMBEYS-bc640d-04bd,1199,909
COMBEYS-bc640d-02bc,681,908
COMBEYS-bc640d-03be,942,907
COMBEYS-bc640d-9b,126,906
COMBEYS-bc640d-047d,1135,905
COMBEYS-bc640d-032d,795,904
COMBEYS-bc640d-0522,1302,903
COMBEYS-bc640d-04ff,1267,902
COMBEYS-bc640d-0255,576,901
COMBEYS-bc640d-fd,225,900
COMBEYS-bc640d-02dd,714,899
COMBEYS-bc640d-02a8,661,898
COMBEYS-bc640d-01a1,391,897
COMBEYS-bc640d-07,506,896
COMBEYS-bc640d-02d5,706,895
COMBEYS-bc640d-0140,292,894
COMBEYS-bc640d-0404,1013,893
COMBEYS-bc640d-04b9,1195,892
COMBEYS-bc640d-0432,1060,891
COMBEYS-bc640d-0271,606,890
COMBEYS-bc640d-0495,1159,889
COMBEYS-bc640d-0474,1126,888
COMBEYS-bc640d-03,349,887
COMBEYS-bc640d-0536,1322,886
COMBEYS-bc640d-0471,1123,885
COMBEYS-bc640d-0452,1092,884
COMBEYS-bc640d-0183,360,883
COMBEYS-bc640d-9a,125,882
COMBEYS-bc640d-01e6,462,881
COMBEYS-bc640d-0229,531,880
COMBEYS-bc640d-0454,1094,879
COMBEYS-bc640d-04b3,1189,878
COMBEYS-bc640d-0165,329,877
COMBEYS-bc640d-0433,1061,876
COMBEYS-bc640d-de,194,875
COMBEYS-bc640d-70,92,874
COMBEYS-bc640d-0500,1268,873
COMBEYS-bc640d-059e,1427,872
COMBEYS-bc640d-1a,1,871
COMBEYS-bc640d-025e,585,870
COMBEYS-bc640d-03f0,992,869
COMBEYS-bc640d-036a,857,868
COMBEYS-bc640d-0118,252,867
COMBEYS-bc640d-0550,1348,866
COMBEYS-bc640d-03cc,956,865
COMBEYS-bc640d-030c,761,864
COMBEYS-bc640d-0c,775,863
COMBEYS-bc640d-0195,378,862
COMBEYS-bc640d-01df,455,861
COMBEYS-bc640d-0571,1382,860
COMBEYS-bc640d-05bb,1456,859
COMBEYS-bc640d-0198,382,858
COMBEYS-bc640d-01e4,460,857
COMBEYS-bc640d-fa,222,856
COMBEYS-bc640d-0122,262,855
COMBEYS-bc640d-08,527,854
COMBEYS-bc640d-5d,72,853
COMBEYS-bc640d-0250,571,852
COMBEYS-bc640d-37,29,851
COMBEYS-bc640d-03df,975,850
COMBEYS-bc640d-05ab,1440,849
COMBEYS-bc640d-0205,493,848
COMBEYS-bc640d-e5,201,847
COMBEYS-bc640d-0459,1099,846
COMBEYS-bc640d-1c,3,845
COMBEYS-bc640d-10,1486,844
COMBEYS-bc640d-0396,901,843
COMBEYS-bc640d-046b,1117,842
COMBEYS-bc640d-055b,1359,841
COMBEYS-bc640d-0488,1146,840
COMBEYS-bc640d-05a0,1429,839
COMBEYS-bc640d-0247,562,838
COMBEYS-bc640d-028b,632,837
COMBEYS-bc640d-05,414,836
COMBEYS-bc640d-04b7,1193,835
COMBEYS-bc640d-0287,628,834
COMBEYS-bc640d-0463,1109,833
COMBEYS-bc640d-04f3,1255,832
COMBEYS-bc640d-0455,1095,831
COMBEYS-bc640d-05c7,1468,830
COMBEYS-bc640d-04a7,1177,829
COMBEYS-bc640d-05f8,1518,828
COMBEYS-bc640d-030d,762,827
COMBEYS-bc640d-0109,237,826
COMBEYS-bc640d-039a,905,825
COMBEYS-bc640d-02f7,740,824
COMBEYS-bc640d-0286,627,823
COMBEYS-bc640d-0303,752,822
COMBEYS-bc640d-03f9,1001,821
COMBEYS-bc640d-023d,552,820
COMBEYS-bc640d-02b2,671,819
COMBEYS-bc640d-0468,1114,818
COMBEYS-bc640d-9e,129,817
COMBEYS-bc640d-029e,651,816
COMBEYS-bc640d-018e,371,815
COMBEYS-bc640d-046d,1119,814
COMBEYS-bc640d-0489,1147,813
COMBEYS-bc640d-033d,811,812
COMBEYS-bc640d-0310,765,811
COMBEYS-bc640d-056f,1380,810
COMBEYS-bc640d-0507,1275,809
COMBEYS-bc640d-0136,282,808
COMBEYS-bc640d-03b3,930,807
COMBEYS-bc640d-0105,233,806
COMBEYS-bc640d-05f6,1516,805
COMBEYS-bc640d-0133,279,804
COMBEYS-bc640d-025d,584,803
COMBEYS-bc640d-0543,1335,802
COMBEYS-bc640d-02,328,801
COMBEYS-bc640d-033f,813,800
COMBEYS-bc640d-030e,763,799
COMBEYS-bc640d-01c2,425,798
COMBEYS-bc640d-0352,833,797
COMBEYS-bc640d-0117,251,796
COMBEYS-bc640d-033e,812,795
COMBEYS-bc640d-a5,136,794
COMBEYS-bc640d-0498,1162,793
COMBEYS-bc640d-02ec,729,792
COMBEYS-bc640d-014f,307,791
COMBEYS-bc640d-050b,1279,790
COMBEYS-bc640d-05ec,1506,789
COMBEYS-bc640d-0490,1154,788
COMBEYS-bc640d-0484,1142,787
COMBEYS-bc640d-05e2,1496,786
COMBEYS-bc640d-05d3,1480,785
COMBEYS-bc640d-46,45,784
COMBEYS-bc640d-01e8,464,783
COMBEYS-bc640d-0131,277,782
COMBEYS-bc640d-0232,541,781
COMBEYS-bc640d-7a,102,780
COMBEYS-bc640d-d0,179,779
COMBEYS-bc640d-05ef,1509,778
COMBEYS-bc640d-033a,808,777
COMBEYS-bc640d-05a6,1435,776
COMBEYS-bc640d-039f,910,775
COMBEYS-bc640d-02cf,700,774
COMBEYS-bc640d-036b,858,773
COMBEYS-bc640d-01c5,429,772
COMBEYS-bc640d-03fe,1007,771
COMBEYS-bc640d-0257,578,770
COMBEYS-bc640d-05d9,1487,769
COMBEYS-bc640d-0480,1138,768
COMBEYS-bc640d-05b8,1453,767
COMBEYS-bc640d-032a,792,766
COMBEYS-bc640d-0346,820,765
COMBEYS-bc640d-c2,165,764
COMBEYS-bc640d-058a,1407,763
COMBEYS-bc640d-019d,387,762
COMBEYS-bc640d-0405,1014,761
COMBEYS-bc640d-01ab,401,760
COMBEYS-bc640d-0240,555,759
COMBEYS-bc640d-040f,1024,758
COMBEYS-bc640d-0427,1048,757
COMBEYS-bc640d-c8,171,756
COMBEYS-bc640d-04b0,1186,755
COMBEYS-bc640d-04,380,754
COMBEYS-bc640d-0378,871,753
COMBEYS-bc640d-048c,1150,752
COMBEYS-bc640d-0222,523,751
COMBEYS-bc640d-06,426,750
COMBEYS-bc640d-05c9,1470,749
COMBEYS-bc640d-016e,338,748
COMBEYS-bc640d-060c,1538,747
COMBEYS-bc640d-02ac,665,746
COMBEYS-bc640d-eb,207,745
COMBEYS-bc640d-c7,170,744
COMBEYS-bc640d-0103,231,743
COMBEYS-bc640d-021e,519,742
COMBEYS-bc640d-01f8,480,741
COMBEYS-bc640d-02ab,664,740
COMBEYS-bc640d-041d,1038,739
COMBEYS-bc640d-0414,1029,738
COMBEYS-bc640d-0204,492,737
COMBEYS-bc640d-01ce,438,736
COMBEYS-bc640d-0158,316,735
COMBEYS-bc640d-05e4,1498,734
COMBEYS-bc640d-77,99,733
COMBEYS-bc640d-059c,1425,732
COMBEYS-bc640d-0344,818,731
COMBEYS-bc640d-66,82,730
COMBEYS-bc640d-032b,793,729
COMBEYS-bc640d-040e,1023,728
COMBEYS-bc640d-023c,551,727
COMBEYS-bc640d-04ab,1181,726
COMBEYS-bc640d-05fd,1523,725
COMBEYS-bc640d-0532,1318,724
COMBEYS-bc640d-01db,451,723
COMBEYS-bc640d-26,12,722
COMBEYS-bc640d-035f,846,721
COMBEYS-bc640d-043e,1072,720
COMBEYS-bc640d-0496,1160,719
COMBEYS-bc640d-0380,879,718
COMBEYS-bc640d-55,63,717
COMBEYS-bc640d-0216,511,716
COMBEYS-bc640d-0321,783,715
COMBEYS-bc640d-037f,878,714
COMBEYS-bc640d-02db,712,713
COMBEYS-bc640d-04fe,1266,712
COMBEYS-bc640d-02a4,657,711
COMBEYS-bc640d-0564,1368,710
COMBEYS-bc640d-03ca,954,709
COMBEYS-bc640d-057e,1395,708
COMBEYS-bc640d-04e0,1235,707
COMBEYS-bc640d-0453,1093,706
COMBEYS-bc640d-055f,1363,705
COMBEYS-bc640d-0354,835,704
COMBEYS-bc640d-01d4,444,703
COMBEYS-bc640d-053b,1327,702
COMBEYS-bc640d-01f6,478,701
COMBEYS-bc640d-0212,507,700
COMBEYS-bc640d-03ed,989,699
COMBEYS-bc640d-01b1,407,698
COMBEYS-bc640d-036e,861,697
COMBEYS-bc640d-02c4,689,696
COMBEYS-bc640d-05ee,1508,695
COMBEYS-bc640d-0304,753,694
COMBEYS-bc640d-0530,1316,693
COMBEYS-bc640d-05ac,1441,692
COMBEYS-bc640d-61,77,691
COMBEYS-bc640d-05bd,1458,690
COMBEYS-bc640d-0a,596,689
COMBEYS-bc640d-04ad,1183,688
COMBEYS-bc640d-0190,373,687
COMBEYS-bc640d-04c8,1210,686
COMBEYS-bc640d-d2,181,685
COMBEYS-bc640d-7b,74,684
COMBEYS-bc640d-68,84,683
COMBEYS-bc640d-048a,1148,682
COMBEYS-bc640d-0582,1399,681
COMBEYS-bc640d-0511,1285,680
COMBEYS-bc640d-2c,18,679
COMBEYS-bc640d-0261,588,678
COMBEYS-bc640d-050c,1280,677
COMBEYS-bc640d-031d,779,676
COMBEYS-bc640d-019a,384,675
COMBEYS-bc640d-03dd,973,674
COMBEYS-bc640d-05a2,1431,673
COMBEYS-bc640d-03d0,960,672
COMBEYS-bc640d-0242,557,671
COMBEYS-bc640d-02ee,731,670
COMBEYS-bc640d-72,94,669
COMBEYS-bc640d-0329,791,668
COMBEYS-bc640d-0150,308,667
COMBEYS-bc640d-12,1748,666
COMBEYS-bc640d-03e1,977,665
COMBEYS-bc640d-01dc,452,664
COMBEYS-bc640d-02ef,732,663
COMBEYS-bc640d-01b0,406,662
COMBEYS-bc640d-03cb,955,661
COMBEYS-bc640d-0335,803,660
COMBEYS-bc640d-0422,1043,659
COMBEYS-bc640d-e4,200,658
COMBEYS-bc640d-04e6,1242,657
COMBEYS-bc640d-024f,570,656
COMBEYS-bc640d-0555,1353,655
COMBEYS-bc640d-0345,819,654
COMBEYS-bc640d-0139,285,653
COMBEYS-bc640d-052c,1312,652
COMBEYS-bc640d-04a6,1176,651
COMBEYS-bc640d-0406,1015,650
COMBEYS-bc640d-0156,314,649
COMBEYS-bc640d-0570,1381,648
COMBEYS-bc640d-0d,825,647
COMBEYS-bc640d-0127,267,646
COMBEYS-bc640d-05d0,1477,645
COMBEYS-bc640d-0143,295,644
COMBEYS-bc640d-023f,554,643
COMBEYS-bc640d-054c,1344,642
COMBEYS-bc640d-051a,1294,641
COMBEYS-bc640d-0359,840,640
COMBEYS-bc640d-0483,1141,639
COMBEYS-bc640d-88,107,638
COMBEYS-bc640d-0227,529,637
COMBEYS-bc640d-58,66,636
COMBEYS-bc640d-b3,150,635
COMBEYS-bc640d-02d0,701,634
COMBEYS-bc640d-0312,767,633
COMBEYS-bc640d-029b,648,632
COMBEYS-bc640d-0521,1301,631
COMBEYS-bc640d-0251,572,630
COMBEYS-bc640d-0350,831,629
COMBEYS-bc640d-a6,137,628
COMBEYS-bc640d-2a,16,627
COMBEYS-bc640d-05b0,1445,626
COMBEYS-bc640d-2e,20,625
COMBEYS-bc640d-fb,223,624
COMBEYS-bc640d-cb,174,623
COMBEYS-bc640d-0260,587,622
COMBEYS-bc640d-03ef,991,621
COMBEYS-bc640d-028a,631,620
COMBEYS-bc640d-0153,311,619
COMBEYS-bc640d-8d,112,618
COMBEYS-bc640d-0341,815,617
COMBEYS-bc640d-0291,638,616
COMBEYS-bc640d-0231,540,615
COMBEYS-bc640d-0326,788,614
COMBEYS-bc640d-5e,73,613
COMBEYS-bc640d-057d,1394,612
COMBEYS-bc640d-03b4,931,611
COMBEYS-bc640d-d1,180,610
COMBEYS-bc640d-052a,1310,609
COMBEYS-bc640d-052d,1313,608
COMBEYS-bc640d-034a,824,607
COMBEYS-bc640d-0181,358,606
COMBEYS-bc640d-0577,1388,605
COMBEYS-bc640d-0267,594,604
COMBEYS-bc640d-014b,303,603
COMBEYS-bc640d-01a6,396,602
COMBEYS-bc640d-01a0,390,601
COMBEYS-bc640d-0170,340,600
COMBEYS-bc640d-040b,1020,599
COMBEYS-bc640d-059f,1428,598
COMBEYS-bc640d-04fc,1264,597
COMBEYS-bc640d-015b,318,596
COMBEYS-bc640d-03b9,936,595
COMBEYS-bc640d-018d,370,594
COMBEYS-bc640d-035c,843,593
COMBEYS-bc640d-0384,883,592
COMBEYS-bc640d-6d,89,591
COMBEYS-bc640d-48,48,590
COMBEYS-bc640d-0592,1415,589
COMBEYS-bc640d-15,2027,588
COMBEYS-bc640d-04d0,1218,587
COMBEYS-bc640d-0547,1339,586
COMBEYS-bc640d-0617,1549,585
COMBEYS-bc640d-02f9,742,584
COMBEYS-bc640d-9f,130,583
COMBEYS-bc640d-022e,537,582
COMBEYS-bc640d-0394,899,581
COMBEYS-bc640d-0149,301,580
COMBEYS-bc640d-0207,495,579
COMBEYS-bc640d-22,8,578
COMBEYS-bc640d-04c2,1204,577
COMBEYS-bc640d-01d2,442,576
COMBEYS-bc640d-04b5,1191,575
COMBEYS-bc640d-022b,533,574
COMBEYS-bc640d-03db,971,573
COMBEYS-bc640d-02c8,693,572
COMBEYS-bc640d-0137,283,571
COMBEYS-bc640d-021f,520,570
COMBEYS-bc640d-0353,834,569
COMBEYS-bc640d-1f,5,568
COMBEYS-bc640d-0606,1532,567
COMBEYS-bc640d-0616,1548,566
COMBEYS-bc640d-01d7,447,565
COMBEYS-bc640d-043f,1073,564
COMBEYS-bc640d-0307,756,563
COMBEYS-bc640d-023e,553,562
COMBEYS-bc640d-045b,1101,561
COMBEYS-bc640d-25,11,560
COMBEYS-bc640d-051d,1297,559
COMBEYS-bc640d-0472,1124,558
COMBEYS-bc640d-01c4,428,557
COMBEYS-bc640d-05f2,1512,556
COMBEYS-bc640d-0306,755,555
COMBEYS-bc640d-05e3,1497,554
COMBEYS-bc640d-bf,162,553
COMBEYS-bc640d-04d4,1223,552
COMBEYS-bc640d-0245,560,551
COMBEYS-bc640d-0249,564,550
COMBEYS-bc640d-041f,1040,549
COMBEYS-bc640d-59,67,548
COMBEYS-bc640d-0533,1319,547
COMBEYS-bc640d-01,192,546
COMBEYS-bc640d-a2,133,545
COMBEYS-bc640d-0201,489,544
COMBEYS-bc640d-0501,1269,543
COMBEYS-bc640d-02bd,682,542
COMBEYS-bc640d-b4,151,541
COMBEYS-bc640d-034b,826,540
COMBEYS-bc640d-ce,177,539
COMBEYS-bc640d-94,119,538
COMBEYS-bc640d-05a5,1434,537
COMBEYS-bc640d-038a,889,536
COMBEYS-bc640d-04a4,1174,535
COMBEYS-bc640d-02c3,688,534
COMBEYS-bc640d-69,85,533
COMBEYS-bc640d-04a2,1172,532
COMBEYS-bc640d-04b4,1190,531
COMBEYS-bc640d-050e,1282,530
COMBEYS-bc640d-05df,1493,529
COMBEYS-bc640d-01a8,398,528
COMBEYS-bc640d-012e,274,527
COMBEYS-bc640d-14,1886,526
COMBEYS-bc640d-05fc,1522,525
COMBEYS-bc640d-0230,539,524
COMBEYS-bc640d-0371,864,523
COMBEYS-bc640d-060f,1541,522
COMBEYS-bc640d-014d,305,521
COMBEYS-bc640d-0e,938,520
COMBEYS-bc640d-05ba,1455,519
COMBEYS-bc640d-03c9,953,518
COMBEYS-bc640d-042b,1052,517
COMBEYS-bc640d-012f,275,516
COMBEYS-bc640d-02fa,743,515
COMBEYS-bc640d-0591,1414,514
COMBEYS-bc640d-01a9,399,513
COMBEYS-bc640d-0485,1143,512
COMBEYS-bc640d-04a0,1170,511
COMBEYS-bc640d-04e9,1245,510
COMBEYS-bc640d-03c7,951,509
COMBEYS-bc640d-31,23,508
COMBEYS-bc640d-030a,759,507
COMBEYS-bc640d-0416,1031,506
COMBEYS-bc640d-041a,1035,505
COMBEYS-bc640d-02af,668,504
COMBEYS-bc640d-0614,1546,503
COMBEYS-bc640d-045d,1103,502
COMBEYS-bc640d-0590,1413,501
COMBEYS-bc640d-041b,1036,500
COMBEYS-bc640d-0259,580,499
COMBEYS-bc640d-17,2292,498
COMBEYS-bc640d-0607,1533,497
COMBEYS-bc640d-ff,227,496
COMBEYS-bc640d-05f0,1510,495
COMBEYS-bc640d-01d8,448,494
COMBEYS-bc640d-0298,645,493
COMBEYS-bc640d-033b,809,492
COMBEYS-bc640d-039e,909,491
COMBEYS-bc640d-0559,1357,490
COMBEYS-bc640d-03c2,946,489
COMBEYS-bc640d-046a,1116,488
COMBEYS-bc640d-02e0,717,487
COMBEYS-bc640d-021c,517,486
COMBEYS-bc640d-63,79,485
COMBEYS-bc640d-03cd,957,484
COMBEYS-bc640d-05ca,1471,483
COMBEYS-bc640d-18,2037,482
COMBEYS-bc640d-0126,266,481
COMBEYS-bc640d-0367,854,480
COMBEYS-bc640d-056e,1379,479
COMBEYS-bc640d-7c,69,478
COMBEYS-bc640d-05b2,1447,477
COMBEYS-bc640d-0503,1271,476
COMBEYS-bc640d-01c7,431,475
COMBEYS-bc640d-058f,1412,474
COMBEYS-bc640d-e9,205,473
COMBEYS-bc640d-04d9,1228,472
COMBEYS-bc640d-04f9,1261,471
COMBEYS-bc640d-0351,832,470
COMBEYS-bc640d-019c,386,469
COMBEYS-bc640d-0526,1306,468
COMBEYS-bc640d-05af,1444,467
COMBEYS-bc640d-0224,525,466
COMBEYS-bc640d-010f,243,465
COMBEYS-bc640d-049c,1166,464
COMBEYS-bc640d-0220,521,463
COMBEYS-bc640d-0285,626,462
COMBEYS-bc640d-04e4,1239,461
COMBEYS-bc640d-01ec,468,460
COMBEYS-bc640d-02d8,709,459
COMBEYS-bc640d-0f,1375,458
COMBEYS-bc640d-03c8,952,457
COMBEYS-bc640d-0431,1059,456
COMBEYS-bc640d-90,115,455
COMBEYS-bc640d-0584,1401,454
COMBEYS-bc640d-05bc,1457,453
COMBEYS-bc640d-03f7,999,452
COMBEYS-bc640d-0129,269,451
COMBEYS-bc640d-0343,817,450
COMBEYS-bc640d-04dc,1231,449
COMBEYS-bc640d-e0,196,448
COMBEYS-bc640d-0523,1303,447
COMBEYS-bc640d-03c6,950,446
COMBEYS-bc640d-056b,1376,445
COMBEYS-bc640d-0254,575,444
COMBEYS-bc640d-05d4,1481,443
COMBEYS-bc640d-0412,1027,442
COMBEYS-bc640d-0440,1074,441
COMBEYS-bc640d-01f9,481,440
COMBEYS-bc640d-057a,1391,439
COMBEYS-bc640d-0542,1334,438
COMBEYS-bc640d-95,120,437
COMBEYS-bc640d-c0,163,436
COMBEYS-bc640d-0349,823,435
COMBEYS-bc640d-0141,293,434
COMBEYS-bc640d-0215,510,433
COMBEYS-bc640d-018b,368,432
COMBEYS-bc640d-043c,1070,431
COMBEYS-bc640d-0119,253,430
COMBEYS-bc640d-05fe,1524,429
COMBEYS-bc640d-04a9,1179,428
COMBEYS-bc640d-03d4,964,427
COMBEYS-bc640d-01ed,469,426
COMBEYS-bc640d-01c9,433,425
COMBEYS-bc640d-032c,794,424
COMBEYS-bc640d-09,534,423
COMBEYS-bc640d-01c0,423,422
COMBEYS-bc640d-01ba,417,421
COMBEYS-bc640d-0434,1062,420
COMBEYS-bc640d-05f5,1515,419
COMBEYS-bc640d-04f8,1260,418
COMBEYS-bc640d-04c6,1208,417
COMBEYS-bc640d-f6,218,416
COMBEYS-bc640d-05b1,1446,415
COMBEYS-bc640d-0159,xxx,414
COMBEYS-bc640d-017c,353,413
COMBEYS-bc640d-0436,1064,412
COMBEYS-bc640d-0263,590,411
COMBEYS-bc640d-0331,799,410
COMBEYS-bc640d-026e,603,409
COMBEYS-bc640d-0562,1366,408
COMBEYS-bc640d-037e,877,407
COMBEYS-bc640d-01fb,483,406
COMBEYS-bc640d-0348,822,405
COMBEYS-bc640d-05ad,1442,404
COMBEYS-bc640d-0494,1158,403
COMBEYS-bc640d-0545,1337,402
COMBEYS-bc640d-8a,109,401
COMBEYS-bc640d-0176,346,400
COMBEYS-bc640d-03f8,1000,399
COMBEYS-bc640d-0114,248,398
COMBEYS-bc640d-0447,1081,397
COMBEYS-bc640d-0238,547,396
COMBEYS-bc640d-0466,1112,395
COMBEYS-bc640d-010a,238,394
COMBEYS-bc640d-032e,796,393
COMBEYS-bc640d-0299,646,392
COMBEYS-bc640d-03d3,963,391
COMBEYS-bc640d-b6,153,390
COMBEYS-bc640d-0574,1385,389
COMBEYS-bc640d-04ef,1251,388
COMBEYS-bc640d-0b,601,387
COMBEYS-bc640d-0361,848,386
COMBEYS-bc640d-f7,219,385
COMBEYS-bc640d-02e9,726,384
COMBEYS-bc640d-0551,1349,383
COMBEYS-bc640d-04bf,1201,382
COMBEYS-bc640d-060d,1539,381
COMBEYS-bc640d-0234,543,380
COMBEYS-bc640d-04b2,1188,379
COMBEYS-bc640d-e7,203,378
COMBEYS-bc640d-03f1,993,377
COMBEYS-bc640d-13,1795,376
COMBEYS-bc640d-03e8,984,375
COMBEYS-bc640d-039c,907,374
COMBEYS-bc640d-0197,381,373
COMBEYS-bc640d-056d,1378,372
COMBEYS-bc640d-0408,1017,371
COMBEYS-bc640d-02cb,696,370
COMBEYS-bc640d-0420,1041,369
COMBEYS-bc640d-0265,592,368
COMBEYS-bc640d-0531,1317,367
COMBEYS-bc640d-0196,379,366
COMBEYS-bc640d-0518,1292,365
COMBEYS-bc640d-02d1,702,364
COMBEYS-bc640d-011b,255,363
COMBEYS-bc640d-0481,1139,362
COMBEYS-bc640d-20,6,361
COMBEYS-bc640d-0318,773,360
COMBEYS-bc640d-05e8,1502,359
COMBEYS-bc640d-01ee,470,358
COMBEYS-bc640d-03a7,918,357
COMBEYS-bc640d-cd,176,356
COMBEYS-bc640d-05a3,1432,355
COMBEYS-bc640d-01e2,458,354
COMBEYS-bc640d-01ae,404,353
COMBEYS-bc640d-0395,900,352
COMBEYS-bc640d-024c,567,351
COMBEYS-bc640d-0388,887,350
COMBEYS-bc640d-0528,1308,349
COMBEYS-bc640d-0161,324,348
COMBEYS-bc640d-0334,802,347
COMBEYS-bc640d-1e,4,346
COMBEYS-bc640d-b7,154,345
COMBEYS-bc640d-0491,1155,344
COMBEYS-bc640d-0369,856,343
COMBEYS-bc640d-19,1904,342
COMBEYS-bc640d-0283,624,341
COMBEYS-bc640d-0423,1044,340
COMBEYS-bc640d-03d9,969,339
COMBEYS-bc640d-01d5,445,338
COMBEYS-bc640d-034f,830,337
COMBEYS-bc640d-0596,1419,336
COMBEYS-bc640d-03e9,985,335
COMBEYS-bc640d-0424,1045,334
COMBEYS-bc640d-e1,197,333
COMBEYS-bc640d-0576,1387,332
COMBEYS-bc640d-aa,141,331
COMBEYS-bc640d-01a7,397,330
COMBEYS-bc640d-0325,787,329
COMBEYS-bc640d-051c,1296,328
COMBEYS-bc640d-012b,271,327
COMBEYS-bc640d-02e1,718,326
COMBEYS-bc640d-0284,625,325
COMBEYS-bc640d-020a,498,324
COMBEYS-bc640d-0138,284,323
COMBEYS-bc640d-0293,640,322
COMBEYS-bc640d-78,100,321
COMBEYS-bc640d-4d,53,320
COMBEYS-bc640d-029c,649,319
COMBEYS-bc640d-d4,183,318
COMBEYS-bc640d-05aa,1439,317
COMBEYS-bc640d-c6,169,316
COMBEYS-bc640d-0549,1341,315
COMBEYS-bc640d-0308,757,314
COMBEYS-bc640d-02a7,660,313
COMBEYS-bc640d-037c,875,312
COMBEYS-bc640d-0101,229,311
COMBEYS-bc640d-011f,259,310
COMBEYS-bc640d-0473,1125,309
COMBEYS-bc640d-03f2,994,308
COMBEYS-bc640d-0305,754,307
COMBEYS-bc640d-04fa,1262,306
COMBEYS-bc640d-014e,306,305
COMBEYS-bc640d-bd,160,304
COMBEYS-bc640d-0442,1076,303
COMBEYS-bc640d-04f4,1256,302
COMBEYS-bc640d-0200,488,301
COMBEYS-bc640d-01d9,449,300
COMBEYS-bc640d-01af,405,299
COMBEYS-bc640d-0300,749,298
COMBEYS-bc640d-027a,615,297
COMBEYS-bc640d-a0,131,296
COMBEYS-bc640d-012d,273,295
COMBEYS-bc640d-0516,1290,294
COMBEYS-bc640d-04c4,1206,293
COMBEYS-bc640d-03ae,925,292
COMBEYS-bc640d-d3,182,291
COMBEYS-bc640d-0482,1140,290
COMBEYS-bc640d-02da,711,289
COMBEYS-bc640d-054f,1347,288
COMBEYS-bc640d-0112,246,287
COMBEYS-bc640d-53,61,286
COMBEYS-bc640d-047c,1134,285
COMBEYS-bc640d-a4,135,284
COMBEYS-bc640d-0618,1550,283
COMBEYS-bc640d-03ba,937,282
COMBEYS-bc640d-0102,230,281
COMBEYS-bc640d-0391,896,280
COMBEYS-bc640d-01c6,430,279
COMBEYS-bc640d-16,2047,278
COMBEYS-bc640d-04a8,1178,277
COMBEYS-bc640d-01f4,476,276
COMBEYS-bc640d-0567,1371,275
COMBEYS-bc640d-0177,347,274
COMBEYS-bc640d-02d2,703,273
COMBEYS-bc640d-04e2,1237,272
COMBEYS-bc640d-054e,1346,271
COMBEYS-bc640d-0469,1115,270
COMBEYS-bc640d-0302,751,269
COMBEYS-bc640d-96,121,268
COMBEYS-bc640d-05b3,1448,267
COMBEYS-bc640d-05a9,1438,266
COMBEYS-bc640d-03ce,958,265
COMBEYS-bc640d-03af,926,264
COMBEYS-bc640d-0513,1287,263
COMBEYS-bc640d-0358,839,262
COMBEYS-bc640d-04e7,1243,261
COMBEYS-bc640d-0275,610,260
COMBEYS-bc640d-037a,873,259
COMBEYS-bc640d-05ea,1504,258
COMBEYS-bc640d-fe,226,257
COMBEYS-bc640d-059d,1426,256
COMBEYS-bc640d-019f,389,255
COMBEYS-bc640d-03a9,920,254
COMBEYS-bc640d-38,30,253
COMBEYS-bc640d-013e,290,252
COMBEYS-bc640d-01d1,441,251
COMBEYS-bc640d-03e6,982,250
COMBEYS-bc640d-01f2,474,249
COMBEYS-bc640d-03d5,965,248
COMBEYS-bc640d-11,1728,247
COMBEYS-bc640d-0497,1161,246
COMBEYS-bc640d-f2,214,245
COMBEYS-bc640d-03a6,917,244
COMBEYS-bc640d-0340,814,243
COMBEYS-bc640d-01be,421,242
COMBEYS-bc640d-0609,1535,241
COMBEYS-bc640d-05e9,1503,240
COMBEYS-bc640d-0392,897,239
COMBEYS-bc640d-04df,1234,238
COMBEYS-bc640d-03a1,912,237
COMBEYS-bc640d-0537,1323,236
COMBEYS-bc640d-01b5,411,235
COMBEYS-bc640d-0188,365,234
COMBEYS-bc640d-055a,1358,233
COMBEYS-bc640d-0192,375,232
COMBEYS-bc640d-7e,60,231
COMBEYS-bc640d-0322,784,230
COMBEYS-bc640d-03d7,967,229
COMBEYS-bc640d-0556,1354,228
COMBEYS-bc640d-026a,598,227
COMBEYS-bc640d-0374,867,226
COMBEYS-bc640d-01ef,471,225
COMBEYS-bc640d-029a,647,224
COMBEYS-bc640d-0171,341,223
COMBEYS-bc640d-04d8,1227,222
COMBEYS-bc640d-04de,1233,221
COMBEYS-bc640d-020b,499,220
COMBEYS-bc640d-033c,810,219
COMBEYS-bc640d-040a,1019,218
COMBEYS-bc640d-0184,361,217
COMBEYS-bc640d-04c7,1209,216
COMBEYS-bc640d-0193,376,215
COMBEYS-bc640d-39,31,214
COMBEYS-bc640d-0376,869,213
COMBEYS-bc640d-3e,37,212
COMBEYS-bc640d-02f3,736,211
COMBEYS-bc640d-3b,34,210
COMBEYS-bc640d-058b,1408,209
COMBEYS-bc640d-055e,1362,208
COMBEYS-bc640d-027c,617,207
COMBEYS-bc640d-01ad,403,206
COMBEYS-bc640d-a9,140,205
COMBEYS-bc640d-0425,1046,204
COMBEYS-bc640d-0244,559,203
COMBEYS-bc640d-0527,1307,202
COMBEYS-bc640d-02fd,746,201
COMBEYS-bc640d-032f,797,200
COMBEYS-bc640d-0342,816,199
COMBEYS-bc640d-02bf,684,198
COMBEYS-bc640d-36,28,197
COMBEYS-bc640d-01e1,457,196
COMBEYS-bc640d-3a,33,195
COMBEYS-bc640d-03a0,911,194
COMBEYS-bc640d-d7,186,193
COMBEYS-bc640d-01b2,408,192
COMBEYS-bc640d-030b,760,191
COMBEYS-bc640d-02e4,721,190
COMBEYS-bc640d-02cd,698,189
COMBEYS-bc640d-020d,501,188
COMBEYS-bc640d-02e8,725,187
COMBEYS-bc640d-03b7,934,186
COMBEYS-bc640d-cc,175,185
COMBEYS-bc640d-01fa,482,184
COMBEYS-bc640d-0430,1058,183
COMBEYS-bc640d-0451,1091,182
COMBEYS-bc640d-02be,683,181
COMBEYS-bc640d-03a3,914,180
COMBEYS-bc640d-0104,232,179
COMBEYS-bc640d-0163,326,178
COMBEYS-bc640d-04e8,1244,177
COMBEYS-bc640d-047b,1133,176
COMBEYS-bc640d-0110,244,175
COMBEYS-bc640d-023b,550,174
COMBEYS-bc640d-05dd,1491,173
COMBEYS-bc640d-034c,827,172
COMBEYS-bc640d-01a2,392,171
COMBEYS-bc640d-0535,1321,170
COMBEYS-bc640d-01b3,409,169
COMBEYS-bc640d-013d,289,168
COMBEYS-bc640d-026f,604,167
COMBEYS-bc640d-0464,1110,166
COMBEYS-bc640d-03fb,1004,165
COMBEYS-bc640d-01ff,487,164
COMBEYS-bc640d-0437,1065,163
COMBEYS-bc640d-05e6,1500,162
COMBEYS-bc640d-011e,258,161
COMBEYS-bc640d-0429,1050,160
COMBEYS-bc640d-0362,849,159
COMBEYS-bc640d-0375,868,158
COMBEYS-bc640d-043b,1069,157
COMBEYS-bc640d-014a,302,156
COMBEYS-bc640d-0268,595,155
COMBEYS-bc640d-01e9,465,154
COMBEYS-bc640d-0581,1398,153
COMBEYS-bc640d-01a3,393,152
COMBEYS-bc640d-05a8,1437,151
COMBEYS-bc640d-03e2,978,150
COMBEYS-bc640d-0593,1416,149
COMBEYS-bc640d-035b,842,148
COMBEYS-bc640d-03f5,997,147
COMBEYS-bc640d-024b,566,146
COMBEYS-bc640d-dd,193,145
COMBEYS-bc640d-0364,851,144
COMBEYS-bc640d-27,13,143
COMBEYS-bc640d-015f,322,142
COMBEYS-bc640d-0465,1111,141
COMBEYS-bc640d-04db,1230,140
COMBEYS-bc640d-03c1,945,139
COMBEYS-bc640d-97,122,138
COMBEYS-bc640d-03ee,990,137
COMBEYS-bc640d-046f,1121,136
COMBEYS-bc640d-0164,327,135
COMBEYS-bc640d-0319,774,134
COMBEYS-bc640d-0411,1026,133
COMBEYS-bc640d-0385,884,132
COMBEYS-bc640d-025a,581,131
COMBEYS-bc640d-bc,159,130
COMBEYS-bc640d-0443,1077,129
COMBEYS-bc640d-0586,1403,128
COMBEYS-bc640d-0400,1009,127
COMBEYS-bc640d-2d,19,126
COMBEYS-bc640d-0236,545,125
COMBEYS-bc640d-03bb,939,124
COMBEYS-bc640d-0372,865,123
COMBEYS-bc640d-a1,132,122
COMBEYS-bc640d-038f,894,121
COMBEYS-bc640d-018c,369,120
COMBEYS-bc640d-0135,281,119
COMBEYS-bc640d-0546,1338,118
COMBEYS-bc640d-05ae,1443,117
COMBEYS-bc640d-0219,514,116
COMBEYS-bc640d-05da,1488,115
COMBEYS-bc640d-0450,1090,114
COMBEYS-bc640d-0332,800,113
COMBEYS-bc640d-0487,1145,112
COMBEYS-bc640d-03d8,968,111
COMBEYS-bc640d-0456,1096,110
COMBEYS-bc640d-0515,1289,109
COMBEYS-bc640d-01c8,432,108
COMBEYS-bc640d-ec,208,107
COMBEYS-bc640d-017a,351,106
COMBEYS-bc640d-02a6,659,105
COMBEYS-bc640d-022f,538,104
COMBEYS-bc640d-040d,1022,103
COMBEYS-bc640d-05f9,1519,102
COMBEYS-bc640d-6a,86,101
COMBEYS-bc640d-0579,1390,100
COMBEYS-bc640d-ed,209,99
COMBEYS-bc640d-0418,1033,98
COMBEYS-bc640d-014c,304,97
COMBEYS-bc640d-05c1,1462,96
COMBEYS-bc640d-02a1,654,95
COMBEYS-bc640d-05c0,1461,94
COMBEYS-bc640d-04ae,1184,93
COMBEYS-bc640d-053f,1331,92
COMBEYS-bc640d-0509,1277,91
COMBEYS-bc640d-0514,1288,90
COMBEYS-bc640d-b0,147,89
COMBEYS-bc640d-0502,1270,88
COMBEYS-bc640d-016a,334,87
COMBEYS-bc640d-dc,191,86
COMBEYS-bc640d-0123,263,85
COMBEYS-bc640d-04d7,1226,84
COMBEYS-bc640d-020c,500,83
COMBEYS-bc640d-02a0,653,82
COMBEYS-bc640d-0594,1417,81
COMBEYS-bc640d-0457,1097,80
COMBEYS-bc640d-60,76,79
COMBEYS-bc640d-0169,333,78
COMBEYS-bc640d-6b,87,77
COMBEYS-bc640d-c4,167,76
COMBEYS-bc640d-8e,113,75
COMBEYS-bc640d-0615,1547,74
COMBEYS-bc640d-ea,206,73
COMBEYS-bc640d-24,10,72
COMBEYS-bc640d-058e,1411,71
COMBEYS-bc640d-0280,621,70
COMBEYS-bc640d-01e0,456,69
COMBEYS-bc640d-01b6,412,68
COMBEYS-bc640d-0180,357,67
COMBEYS-bc640d-05b7,1452,66
COMBEYS-bc640d-03fd,1006,65
COMBEYS-bc640d-0239,548,64
COMBEYS-bc640d-03bc,940,63
COMBEYS-bc640d-0356,837,62
COMBEYS-bc640d-05f4,1514,61
COMBEYS-bc640d-02c6,691,60
COMBEYS-bc640d-03e3,979,59
COMBEYS-bc640d-5c,71,58
COMBEYS-bc640d-0336,804,57
COMBEYS-bc640d-0125,265,56
COMBEYS-bc640d-027f,620,55
COMBEYS-bc640d-0111,245,54
COMBEYS-bc640d-054d,1345,53
COMBEYS-bc640d-04a5,1175,52
COMBEYS-bc640d-01ea,466,51
COMBEYS-bc640d-038d,892,50
COMBEYS-bc640d-0428,1049,49
COMBEYS-bc640d-052e,1314,48
COMBEYS-bc640d-057c,1393,47
COMBEYS-bc640d-013b,287,46
COMBEYS-bc640d-0328,790,45
COMBEYS-bc640d-0426,1047,44
COMBEYS-bc640d-0194,377,43
COMBEYS-bc640d-047a,1132,42
COMBEYS-bc640d-01b8,415,41
COMBEYS-bc640d-0134,280,40
COMBEYS-bc640d-051e,1298,39
COMBEYS-bc640d-e8,204,38
COMBEYS-bc640d-058d,1410,37
COMBEYS-bc640d-0323,785,36
COMBEYS-bc640d-04b8,1194,35
COMBEYS-bc640d-0569,1373,34
COMBEYS-bc640d-0258,579,33
COMBEYS-bc640d-0128,268,32
COMBEYS-bc640d-023a,549,31
COMBEYS-bc640d-05d6,1483,30
COMBEYS-bc640d-0386,885,29
COMBEYS-bc640d-04ac,1182,28
COMBEYS-bc640d-02dc,713,27
COMBEYS-bc640d-050f,1283,26
COMBEYS-bc640d-045a,1100,25
COMBEYS-bc640d-5f,75,24
COMBEYS-bc640d-44,43,23
COMBEYS-bc640d-0270,605,22
COMBEYS-bc640d-0419,1034,21
COMBEYS-bc640d-025f,586,20
COMBEYS-bc640d-04eb,1247,19
COMBEYS-bc640d-05cd,1474,18
COMBEYS-bc640d-0295,642,17
COMBEYS-bc640d-03b6,933,16
COMBEYS-bc640d-04b1,1187,15
COMBEYS-bc640d-028d,634,14
COMBEYS-bc640d-0387,886,13
COMBEYS-bc640d-055d,1361,12
COMBEYS-bc640d-0461,1107,11
COMBEYS-bc640d-043a,1068,10
COMBEYS-bc640d-0294,641,9
COMBEYS-bc640d-04ec,1248,8
COMBEYS-bc640d-2f,21,7
COMBEYS-bc640d-02b0,669,6
COMBEYS-bc640d-05b9,1454,5
COMBEYS-bc640d-82,1003,4
COMBEYS-bc640d-80,1055,3
COMBEYS-bc640d-83,1221,2
COMBEYS-bc640d-015a,1241,1
